h3Index,lat,lon,parent_data_points,client_server_distance_km
8412c81ffffffff,49.566135,-113.51282,127282.0,169.62
8412c83ffffffff,49.275799,-113.066015,127282.0,209.76
8412c85ffffffff,49.474843,-114.086909,127282.0,175.16
8412c87ffffffff,49.187436,-113.638778,127282.0,209.34
8412c89ffffffff,49.94647,-113.384288,127282.0,131.86
8412c8bffffffff,49.655016,-112.933697,127282.0,174.7
8412c8dffffffff,49.854626,-113.96479,127282.0,133.12
8412c91ffffffff,49.066718,-112.048207,127282.0,263.41
8412c93ffffffff,48.770008,-111.61323,127282.0,308.41
8412c95ffffffff,48.983686,-112.624342,127282.0,251.8
8412c97ffffffff,48.689861,-112.187765,127282.0,294.94
8412c99ffffffff,49.445199,-111.905836,127282.0,235.46
8412c9bffffffff,49.147255,-111.467356,127282.0,281.28
8412c9dffffffff,49.361742,-112.488349,127282.0,218.75
8412ca1ffffffff,49.003713,-114.769397,127282.0,233.0
8412ca3ffffffff,48.720278,-114.323897,127282.0,258.48
8412ca5ffffffff,48.908486,-115.327165,127282.0,208.14
8412ca7ffffffff,48.62792,-114.880637,127282.0,217.41
8412ca9ffffffff,49.381209,-114.655916,127282.0,190.24
8412cabffffffff,49.096718,-114.206587,127282.0,217.42
8412cadffffffff,49.285299,-115.219797,127282.0,212.71
8412cb1ffffffff,48.522323,-113.322838,127282.0,286.09
8412cb3ffffffff,48.232547,-112.888357,127282.0,324.56
8412cb5ffffffff,48.435058,-113.883272,127282.0,277.3
8412cb7ffffffff,48.148117,-113.447493,127282.0,301.81
8412cb9ffffffff,48.898226,-113.195704,127282.0,247.24
8412cbbffffffff,48.607278,-112.757652,127282.0,287.38
8412cbdffffffff,48.810402,-113.762238,127282.0,249.98
8412cc1ffffffff,50.619052,-113.712934,127282.0,53.98
8412cc3ffffffff,50.328413,-113.253103,127282.0,98.6
8412cc5ffffffff,50.523654,-114.301343,127282.0,60.81
8412cc7ffffffff,50.236038,-113.840158,127282.0,91.91
8412cc9ffffffff,51.003635,-113.583038,127282.0,34.22
8412ccbffffffff,50.711933,-113.119185,127282.0,76.37
8412ccdffffffff,50.907694,-114.178198,127282.0,17.64
8412cd1ffffffff,50.122683,-112.207991,127282.0,166.88
8412cd3ffffffff,49.825275,-111.760568,127282.0,212.63
8412cd5ffffffff,50.035845,-112.798669,127282.0,144.03
8412cd7ffffffff,49.741418,-112.349594,127282.0,189.69
8412cd9ffffffff,50.505507,-112.063456,127282.0,153.31
8412cdbffffffff,50.206915,-111.612315,127282.0,196.86
8412cddffffffff,50.418259,-112.660849,127282.0,121.34
8412ce1ffffffff,50.043988,-114.998462,127282.0,129.8
8412ce3ffffffff,49.760382,-114.540127,127282.0,147.27
8412ce5ffffffff,49.944454,-115.56962,127282.0,162.51
8412ce7ffffffff,49.663809,-115.110251,127282.0,170.99
8412ce9ffffffff,50.425811,-114.88436,127282.0,90.16
8412cebffffffff,50.141207,-114.42196,127282.0,104.12
8412cedffffffff,50.325596,-115.461942,127282.0,127.08
8418281ffffffff,52.274404,-6.975835,125061.0,128.87
8418285ffffffff,52.342141,-7.625309,125061.0,144.75
8418287ffffffff,51.968828,-7.352693,125061.0,170.3
8418289ffffffff,52.577112,-6.595848,125061.0,88.8
841828bffffffff,52.203354,-6.330507,125061.0,127.56
841828dffffffff,52.647232,-7.246822,125061.0,102.27
84182a1ffffffff,52.096175,-8.652428,125061.0,213.01
84182a3ffffffff,51.723401,-8.372744,125061.0,230.45
84182a5ffffffff,52.15473,-9.308002,125061.0,244.36
84182a7ffffffff,51.78302,-9.022832,125061.0,255.33
84182a9ffffffff,52.406504,-8.2788,125061.0,171.3
84182abffffffff,52.034189,-8.000614,125061.0,187.48
84182adffffffff,52.467437,-8.936175,125061.0,204.49
84182c1ffffffff,53.24874,-6.480271,125061.0,18.43
84182c3ffffffff,52.876929,-6.212727,125061.0,52.67
84182c5ffffffff,53.320287,-7.138473,125061.0,58.4
84182c7ffffffff,52.94944,-6.865144,125061.0,60.06
84182c9ffffffff,53.545111,-6.092196,125061.0,24.41
84182cdffffffff,53.619068,-6.751855,125061.0,44.21
84182d3ffffffff,52.05156,-5.052773,125061.0,165.69
84182e1ffffffff,53.084303,-8.182655,125061.0,131.35
84182e3ffffffff,52.713982,-7.901938,125061.0,130.56
84182e5ffffffff,53.146534,-8.847478,125061.0,173.6
84182e7ffffffff,52.777303,-8.561063,125061.0,166.38
84182e9ffffffff,53.388412,-7.800941,125061.0,102.3
84182ebffffffff,53.018585,-7.521831,125061.0,91.77
84182edffffffff,53.453052,-8.467539,125061.0,146.77
8419481ffffffff,51.007441,1.63377,611177.0,134.57
8419483ffffffff,50.625819,1.824472,611177.0,167.95
8419485ffffffff,51.115641,1.051348,611177.0,92.79
841948bffffffff,50.896863,2.210863,611177.0,150.38
841948dffffffff,51.388224,1.440175,611177.0,109.44
8419491ffffffff,50.132601,2.579142,611177.0,99.11
8419493ffffffff,49.749375,2.759205,611177.0,57.73
8419495ffffffff,50.2434,2.01234,611177.0,134.32
8419497ffffffff,49.86023,2.197434,611177.0,97.13
8419499ffffffff,50.402143,2.962967,611177.0,109.78
841949bffffffff,50.01959,3.140673,611177.0,71.96
841949dffffffff,50.515111,2.39638,611177.0,142.35
84194a1ffffffff,50.943693,0.077249,611177.0,64.26
84194a5ffffffff,51.044672,-0.515489,611177.0,58.08
84194a9ffffffff,51.221391,0.463644,611177.0,51.91
84194abffffffff,50.840179,0.664859,611177.0,92.48
84194adffffffff,51.324624,-0.129289,611177.0,20.3
84194b1ffffffff,50.075182,1.058382,611177.0,164.61
84194b3ffffffff,49.691489,1.250812,611177.0,122.48
84194b7ffffffff,49.795618,0.678713,611177.0,160.02
84194b9ffffffff,50.351921,1.440307,611177.0,169.03
84194bbffffffff,49.968855,1.630479,611177.0,134.23
84194c5ffffffff,52.037127,1.637182,611177.0,134.96
84194d1ffffffff,51.049978,3.170931,611177.0,85.8
84194d3ffffffff,50.668846,3.348893,611177.0,73.31
84194d5ffffffff,51.16504,2.599463,611177.0,127.66
84194d7ffffffff,50.783974,2.782583,611177.0,110.51
84194d9ffffffff,51.313111,3.561408,611177.0,75.79
84194dbffffffff,50.932697,3.736901,611177.0,44.23
84194ddffffffff,51.430338,2.990256,611177.0,115.08
84194e1ffffffff,51.875848,0.650496,611177.0,67.5
84194e3ffffffff,51.496206,0.85244,611177.0,67.84
84194e5ffffffff,51.981021,0.051993,611177.0,54.12
84194e7ffffffff,51.601687,0.259377,611177.0,28.74
84194e9ffffffff,52.147092,1.044055,611177.0,107.44
84194ebffffffff,51.768122,1.243625,611177.0,98.97
84194edffffffff,52.254523,0.445451,611177.0,91.93
841e001ffffffff,48.75835,18.303044,73442.0,154.87
841e003ffffffff,48.639458,18.899239,73442.0,192.5
841e005ffffffff,48.492637,17.828529,73442.0,112.14
841e007ffffffff,48.375703,18.42287,73442.0,152.82
841e009ffffffff,49.138888,18.182015,73442.0,168.4
841e00bffffffff,49.021412,18.781337,73442.0,198.81
841e00dffffffff,48.873855,17.705616,73442.0,122.92
841e011ffffffff,48.776278,19.975815,73442.0,272.91
841e013ffffffff,48.648654,20.570722,73442.0,313.57
841e015ffffffff,48.517195,19.494075,73442.0,233.15
841e017ffffffff,48.391578,20.087429,73442.0,275.52
841e019ffffffff,49.158891,19.863065,73442.0,277.16
841e01bffffffff,49.032611,20.461158,73442.0,314.16
841e01dffffffff,48.900536,19.379312,73442.0,234.29
841e021ffffffff,47.840352,17.481333,73442.0,92.05
841e023ffffffff,47.72392,18.070732,73442.0,137.43
841e025ffffffff,47.568856,17.016203,73442.0,85.79
841e027ffffffff,47.454313,17.603651,73442.0,124.4
841e029ffffffff,48.224322,17.35781,73442.0,73.02
841e02bffffffff,48.109318,17.950229,73442.0,117.54
841e02dffffffff,47.953455,16.890905,73442.0,47.81
841e031ffffffff,47.86929,19.13153,73442.0,208.55
841e033ffffffff,47.744297,19.720171,73442.0,254.46
841e035ffffffff,47.604171,18.658978,73442.0,183.18
841e037ffffffff,47.481121,19.245952,73442.0,229.16
841e039ffffffff,48.25541,19.015965,73442.0,195.86
841e03bffffffff,48.131774,19.607689,73442.0,240.05
841e03dffffffff,47.990969,18.541509,73442.0,162.87
841e04bffffffff,49.893557,17.936275,73442.0,219.31
841e051ffffffff,49.660894,19.146275,73442.0,259.09
841e053ffffffff,49.539395,19.749162,73442.0,287.87
841e055ffffffff,49.40125,18.662242,73442.0,213.8
841e057ffffffff,49.281776,19.263385,73442.0,243.24
841e059ffffffff,50.037869,19.027966,73442.0,280.27
841e05bffffffff,49.917772,19.634089,73442.0,274.5
841e05dffffffff,49.778953,18.541936,73442.0,235.68
841e061ffffffff,48.716378,16.636602,73442.0,59.76
841e063ffffffff,48.606199,17.233064,73442.0,77.41
841e065ffffffff,48.444251,16.170056,73442.0,30.21
841e067ffffffff,48.33597,16.764377,73442.0,32.29
841e06bffffffff,48.985962,17.107079,73442.0,101.96
841e06dffffffff,48.823165,16.039271,73442.0,72.64
841e801ffffffff,42.050791,12.975217,94674.0,486.4
841e803ffffffff,41.945957,13.522782,94674.0,475.98
841e805ffffffff,41.751298,12.563148,94674.0,494.31
841e807ffffffff,41.647918,13.108396,94674.0,515.69
841e809ffffffff,42.45193,12.840871,94674.0,444.63
841e80bffffffff,42.348562,13.390854,94674.0,482.21
841e80dffffffff,42.152697,12.427591,94674.0,450.8
841e811ffffffff,42.132978,14.490298,94674.0,394.03
841e813ffffffff,42.020774,15.039559,94674.0,350.81
841e815ffffffff,41.8382,14.070184,94674.0,433.29
841e817ffffffff,41.727524,14.617324,94674.0,391.44
841e819ffffffff,42.536717,14.362139,94674.0,401.92
841e81dffffffff,42.242243,13.940696,94674.0,437.9
841e82bffffffff,41.348184,12.697536,94674.0,538.41
841e831ffffffff,41.135635,13.783194,94674.0,476.84
841e833ffffffff,41.025056,14.325763,94674.0,438.82
841e839ffffffff,41.541636,13.653557,94674.0,474.15
841e83bffffffff,41.432458,14.198535,94674.0,433.58
841e83dffffffff,41.243346,13.240419,94674.0,516.24
841e841ffffffff,42.950207,12.152915,94674.0,366.12
841e843ffffffff,42.851302,12.705344,94674.0,403.93
841e845ffffffff,42.649803,11.740894,94674.0,373.68
841e847ffffffff,42.552344,12.290851,94674.0,408.01
841e849ffffffff,43.346252,12.013768,94674.0,325.41
841e84bffffffff,43.248871,12.56862,94674.0,364.6
841e84dffffffff,43.046133,11.600576,94674.0,330.59
841e851ffffffff,43.045096,13.678256,94674.0,447.42
841e855ffffffff,42.749416,13.257759,94674.0,443.5
841e857ffffffff,42.644553,13.810058,94674.0,447.21
841e859ffffffff,43.443836,13.545274,94674.0,412.34
841e85dffffffff,43.148485,13.123484,94674.0,405.4
841e863ffffffff,41.851775,12.017913,94674.0,461.82
841e869ffffffff,42.347719,11.332551,94674.0,386.95
841e86bffffffff,42.251673,11.880002,94674.0,417.47
841ec01ffffffff,42.201003,23.730228,107128.0,64.62
841ec03ffffffff,42.044049,24.273119,107128.0,81.68
841ec05ffffffff,41.939372,23.273415,107128.0,84.44
841ec07ffffffff,41.784232,23.815581,107128.0,98.21
841ec09ffffffff,42.616211,23.644054,107128.0,27.88
841ec0bffffffff,42.460185,24.189716,107128.0,75.83
841ec0dffffffff,42.3552,23.185311,107128.0,39.71
841ec11ffffffff,42.139898,25.274605,107128.0,76.58
841ec13ffffffff,41.975711,25.813665,107128.0,90.14
841ec15ffffffff,41.884375,24.813899,107128.0,43.94
841ec17ffffffff,41.722017,25.352485,107128.0,42.66
841ec19ffffffff,42.556247,25.195972,107128.0,119.46
841ec1bffffffff,42.392899,25.737807,107128.0,119.5
841ec1dffffffff,42.301402,24.733262,107128.0,90.7
841ec21ffffffff,41.257387,22.908463,107128.0,163.78
841ec23ffffffff,41.103112,23.447131,107128.0,131.83
841ec25ffffffff,40.990452,22.458948,107128.0,202.86
841ec27ffffffff,40.837943,22.996777,107128.0,178.09
841ec29ffffffff,41.675338,22.819312,107128.0,121.0
841ec2bffffffff,41.521996,23.360684,107128.0,130.79
841ec31ffffffff,41.207197,24.43755,107128.0,52.7
841ec33ffffffff,41.04581,24.972877,107128.0,50.56
841ec35ffffffff,40.946157,23.983872,107128.0,100.53
841ec37ffffffff,40.786558,24.518602,107128.0,86.59
841ec39ffffffff,41.626373,24.355726,107128.0,50.17
841ec3bffffffff,41.465831,24.893767,107128.0,5.06
841ec3dffffffff,41.365937,23.900125,107128.0,87.49
841ec41ffffffff,43.182065,23.006556,107128.0,59.64
841ec43ffffffff,43.029819,23.557049,107128.0,41.59
841ec45ffffffff,42.91985,22.54673,107128.0,67.86
841ec47ffffffff,42.769443,23.096362,107128.0,20.05
841ec49ffffffff,43.593027,22.915879,107128.0,104.84
841ec4bffffffff,43.44179,23.4692,107128.0,83.58
841ec4dffffffff,43.331448,22.45412,107128.0,99.69
841ec51ffffffff,43.130755,24.569637,107128.0,112.45
841ec53ffffffff,42.971027,25.116575,107128.0,149.47
841ec55ffffffff,42.874744,24.105508,107128.0,66.92
841ec57ffffffff,42.716875,24.651844,107128.0,108.7
841ec59ffffffff,43.543008,24.486627,107128.0,133.3
841ec5bffffffff,43.384202,25.036402,107128.0,158.87
841ec5dffffffff,43.287688,24.020482,107128.0,86.78
841ec61ffffffff,42.241357,22.183368,107128.0,106.27
841ec63ffffffff,42.091758,22.729314,107128.0,83.12
841ec69ffffffff,42.655192,22.089757,107128.0,100.82
841ec6bffffffff,42.506607,22.638458,107128.0,59.83
841ec6dffffffff,42.388139,21.635666,107128.0,142.36
841ed91ffffffff,39.184792,25.80451,41355.0,224.48
841ed93ffffffff,39.015407,26.32486,41355.0,253.39
841ed9bffffffff,39.442304,26.253886,41355.0,254.53
841eda1ffffffff,38.292257,23.509732,41355.0,39.22
841eda3ffffffff,38.132129,24.030138,41355.0,31.14
841eda5ffffffff,38.021996,23.072792,41355.0,57.57
841eda7ffffffff,37.863541,23.592501,41355.0,17.93
841eda9ffffffff,38.71978,23.426201,41355.0,85.92
841edabffffffff,38.560413,23.949148,41355.0,66.91
841edadffffffff,38.449938,22.987502,41355.0,82.87
841edb5ffffffff,37.96959,24.548647,41355.0,71.94
841edb7ffffffff,37.804677,25.065182,41355.0,119.01
841edc1ffffffff,40.260977,23.617601,41355.0,176.7
841edc3ffffffff,40.102303,24.149014,41355.0,168.85
841edc9ffffffff,40.682759,23.532766,41355.0,148.48
841edcbffffffff,40.524932,24.066831,41355.0,130.55
841edcdffffffff,40.417048,23.084267,41355.0,196.53
841edd3ffffffff,40.035964,25.656674,41355.0,173.74
841edd7ffffffff,39.777287,25.205761,41355.0,192.88
841ede1ffffffff,39.30212,22.814563,41355.0,166.64
841ede3ffffffff,39.146064,23.3419,41355.0,133.49
841ede5ffffffff,39.031021,22.37491,41355.0,165.56
841ede7ffffffff,38.876661,22.901429,41355.0,122.61
841ede9ffffffff,39.726272,22.726893,41355.0,212.22
841edebffffffff,39.571066,23.256818,41355.0,181.12
841ededffffffff,39.455617,22.285477,41355.0,205.99
841f181ffffffff,52.03746,13.075442,652732.0,58.15
841f183ffffffff,51.953824,13.698949,652732.0,66.06
841f185ffffffff,51.762813,12.605984,652732.0,100.31
841f187ffffffff,51.681084,13.22651,652732.0,94.08
841f189ffffffff,52.391531,12.922863,652732.0,35.66
841f18bffffffff,52.309554,13.549515,652732.0,25.37
841f18dffffffff,52.117519,12.451829,652732.0,78.74
841f191ffffffff,52.134789,14.802013,652732.0,104.15
841f193ffffffff,52.041994,15.42756,652732.0,147.49
841f195ffffffff,51.866605,14.322205,652732.0,95.85
841f197ffffffff,51.7758,14.945061,652732.0,133.75
841f199ffffffff,52.491487,14.657504,652732.0,84.83
841f19bffffffff,52.400299,15.286315,652732.0,128.15
841f19dffffffff,52.223975,14.175948,652732.0,61.83
841f1a1ffffffff,51.128046,12.295297,652732.0,172.54
841f1a3ffffffff,51.046514,12.909777,652732.0,150.89
841f1a5ffffffff,50.847852,11.836514,652732.0,201.53
841f1a7ffffffff,50.768143,12.447963,652732.0,158.96
841f1a9ffffffff,51.485666,12.141138,652732.0,143.92
841f1abffffffff,51.405808,12.758627,652732.0,131.57
841f1adffffffff,51.206072,11.680896,652732.0,188.04
841f1b1ffffffff,51.235487,13.993375,652732.0,131.17
841f1b3ffffffff,51.145017,14.610347,652732.0,118.34
841f1b5ffffffff,50.96147,13.524193,652732.0,116.05
841f1b7ffffffff,50.872908,14.138405,652732.0,89.6
841f1b9ffffffff,51.595797,13.846896,652732.0,107.12
841f1bbffffffff,51.506948,14.466998,652732.0,134.06
841f1bdffffffff,51.322416,13.376087,652732.0,133.18
841f1c1ffffffff,52.819978,12.1389,652732.0,91.66
841f1c3ffffffff,52.743284,12.768752,652732.0,49.6
841f1c5ffffffff,52.544703,11.669501,652732.0,117.42
841f1c7ffffffff,52.469911,12.296142,652732.0,75.27
841f1c9ffffffff,53.167709,11.980085,652732.0,119.77
841f1cbffffffff,53.092709,12.613089,652732.0,83.0
841f1cdffffffff,52.893066,11.509168,652732.0,124.22
841f1d1ffffffff,52.931802,13.878959,652732.0,55.82
841f1d3ffffffff,52.84588,14.511516,652732.0,82.92
841f1d5ffffffff,52.662975,13.398571,652732.0,15.9
841f1d7ffffffff,52.579045,14.028206,652732.0,42.65
841f1d9ffffffff,53.282235,13.728186,652732.0,87.48
841f1dbffffffff,53.197959,14.364027,652732.0,99.14
841f1ddffffffff,53.014076,13.246099,652732.0,55.97
841f1e1ffffffff,51.915627,11.3651,652732.0,154.36
841f1e3ffffffff,51.840991,11.985466,652732.0,122.75
841f1e5ffffffff,51.634823,10.906648,652732.0,197.06
841f1e7ffffffff,51.562001,11.523764,652732.0,167.03
841f1e9ffffffff,52.266937,11.204882,652732.0,151.91
841f1ebffffffff,52.194008,11.828261,652732.0,113.04
841f1edffffffff,51.986732,10.745031,652732.0,180.91
841f981ffffffff,45.393601,8.065292,323622.0,46.38
841f983ffffffff,45.32094,8.626967,323622.0,34.25
841f985ffffffff,45.086439,7.665099,323622.0,1.18
841f987ffffffff,45.015093,8.22365,323622.0,43.6
841f989ffffffff,45.770067,7.905576,323622.0,68.32
841f98bffffffff,45.699124,8.469546,323622.0,24.19
841f98dffffffff,45.463223,7.504495,323622.0,44.76
841f991ffffffff,45.548013,9.599806,323622.0,33.18
841f993ffffffff,45.46782,10.165879,323622.0,76.1
841f995ffffffff,45.245226,9.189416,323622.0,24.65
841f997ffffffff,45.166447,9.752529,323622.0,55.23
841f999ffffffff,45.927544,9.445743,323622.0,54.94
841f99bffffffff,45.849025,10.01423,323622.0,76.87
841f99dffffffff,45.62511,9.034325,323622.0,21.36
841f9a1ffffffff,44.398605,7.429053,323622.0,78.15
841f9a3ffffffff,44.326815,7.982268,323622.0,87.09
841f9a5ffffffff,44.088083,7.03773,323622.0,121.25
841f9a7ffffffff,44.017526,7.587828,323622.0,118.26
841f9a9ffffffff,44.777698,7.268946,323622.0,46.38
841f9abffffffff,44.707628,7.824352,323622.0,42.94
841f9adffffffff,44.467436,6.87681,323622.0,92.78
841f9b1ffffffff,44.558505,8.937783,323622.0,102.94
841f9b3ffffffff,44.479425,9.495602,323622.0,112.4
841f9b5ffffffff,44.252053,8.536354,323622.0,114.4
841f9b9ffffffff,44.940725,8.783041,323622.0,66.63
841f9bbffffffff,44.863322,9.343169,323622.0,68.18
841f9bdffffffff,44.634568,8.380665,323622.0,74.35
841f9c1ffffffff,46.210609,7.179171,323622.0,131.6
841f9c3ffffffff,46.144466,7.744489,323622.0,98.0
841f9c5ffffffff,45.902802,6.780494,323622.0,115.15
841f9c7ffffffff,45.837954,7.342524,323622.0,88.29
841f9c9ffffffff,46.581163,7.014423,323622.0,145.58
841f9cbffffffff,46.516774,7.582014,323622.0,119.98
841f9cdffffffff,46.273696,6.614917,323622.0,156.33
841f9d1ffffffff,46.378716,8.720076,323622.0,84.95
841f9d3ffffffff,46.305015,9.290325,323622.0,87.09
841f9d5ffffffff,46.075251,8.310763,323622.0,61.73
841f9d7ffffffff,46.002948,8.877884,323622.0,44.13
841f9d9ffffffff,46.75239,8.560885,323622.0,69.18
841f9dbffffffff,46.680403,9.133536,323622.0,89.28
841f9ddffffffff,46.449297,8.150602,323622.0,103.88
841f9e1ffffffff,45.220127,6.550937,323622.0,89.62
841f9e3ffffffff,45.154778,7.107494,323622.0,45.4
841f9e5ffffffff,44.90893,6.161264,323622.0,120.61
841f9e7ffffffff,44.844793,6.71455,323622.0,80.02
841f9e9ffffffff,45.593413,6.385956,323622.0,115.92
841f9ebffffffff,45.529821,6.944681,323622.0,76.04
841f9edffffffff,45.282502,5.99553,323622.0,133.64
841fb01ffffffff,48.320927,2.911185,206769.0,72.38
841fb03ffffffff,48.282008,3.478656,206769.0,104.66
841fb05ffffffff,48.043273,2.540576,206769.0,91.51
841fb07ffffffff,47.96995,3.094549,206769.0,112.8
841fb09ffffffff,48.706657,2.736632,206769.0,32.74
841fb0bffffffff,48.632606,3.295815,206769.0,73.54
841fb0dffffffff,48.429606,2.363808,206769.0,47.5
841fb11ffffffff,48.549443,4.440311,206769.0,123.31
841fb13ffffffff,48.503286,5.015096,206769.0,155.65
841fb15ffffffff,48.240095,4.047944,206769.0,137.68
841fb17ffffffff,48.19516,4.618945,206769.0,162.53
841fb19ffffffff,48.901489,4.260169,206769.0,86.47
841fb1bffffffff,48.857165,4.837135,206769.0,124.48
841fb1dffffffff,48.59254,3.867182,206769.0,96.39
841fb21ffffffff,47.375484,2.348347,206769.0,164.7
841fb23ffffffff,47.302875,2.897194,206769.0,177.46
841fb25ffffffff,47.091869,1.983825,206769.0,198.15
841fb27ffffffff,46.987602,2.522262,206769.0,208.22
841fb29ffffffff,47.762905,2.171945,206769.0,122.35
841fb2bffffffff,47.656423,2.714822,206769.0,136.14
841fb2dffffffff,47.479838,1.805306,206769.0,158.38
841fb31ffffffff,47.574136,3.839848,206769.0,180.24
841fb33ffffffff,47.528543,4.40499,206769.0,212.03
841fb35ffffffff,47.261355,3.456825,206769.0,195.46
841fb37ffffffff,47.216896,4.018229,206769.0,220.42
841fb39ffffffff,47.929179,3.659995,206769.0,141.28
841fb3bffffffff,47.885424,4.227208,206769.0,175.62
841fb3dffffffff,47.616753,3.276425,206769.0,153.93
841fb41ffffffff,49.200538,2.002504,206769.0,45.95
841fb43ffffffff,49.091814,2.559524,206769.0,30.21
841fb45ffffffff,48.921943,1.627302,206769.0,53.49
841fb47ffffffff,48.815376,2.184469,206769.0,13.11
841fb49ffffffff,49.585046,1.817859,206769.0,89.81
841fb4bffffffff,49.476353,2.37981,206769.0,68.93
841fb4dffffffff,49.307061,1.440434,206769.0,83.17
841fb51ffffffff,49.290686,3.501104,206769.0,16.29
841fb53ffffffff,49.25128,4.078502,206769.0,56.39
841fb55ffffffff,48.980956,3.111459,206769.0,47.47
841fb57ffffffff,48.942743,3.684907,206769.0,55.5
841fb59ffffffff,49.636357,3.315758,206769.0,28.1
841fb5bffffffff,49.598802,3.895295,206769.0,47.46
841fb5dffffffff,49.365479,2.936626,206769.0,28.38
841fb61ffffffff,48.254242,1.440556,206769.0,94.81
841fb63ffffffff,48.149819,1.993004,206769.0,82.94
841fb65ffffffff,47.969579,1.071727,206769.0,136.61
841fb67ffffffff,47.867311,1.624234,206769.0,122.46
841fb69ffffffff,48.640584,1.25422,206769.0,84.01
841fb6bffffffff,48.53618,1.811475,206769.0,53.34
841fb6dffffffff,48.356479,0.883269,206769.0,121.48
8426601ffffffff,40.567747,-87.746012,544890.0,125.98
8426603ffffffff,40.206702,-87.520945,544890.0,97.99
8426605ffffffff,40.617029,-88.290687,544890.0,96.93
8426607ffffffff,40.257082,-88.06152,544890.0,86.51
8426609ffffffff,40.879043,-87.426018,544890.0,108.77
842660bffffffff,40.515872,-87.201755,544890.0,141.69
842660dffffffff,40.929826,-87.974455,544890.0,103.75
8426611ffffffff,39.792791,-86.763152,544890.0,97.28
8426613ffffffff,39.432963,-86.548677,544890.0,59.66
8426615ffffffff,39.846731,-87.299186,544890.0,85.35
8426617ffffffff,39.487875,-87.08067,544890.0,92.46
8426619ffffffff,40.098308,-86.441248,544890.0,108.52
842661bffffffff,39.736359,-86.227695,544890.0,64.34
842661dffffffff,40.153774,-86.980822,544890.0,126.49
8426621ffffffff,40.350167,-89.143643,544890.0,46.46
8426623ffffffff,39.993502,-88.909824,544890.0,84.39
8426625ffffffff,40.392861,-89.685,544890.0,40.67
8426627ffffffff,40.037386,-89.447234,544890.0,74.24
8426629ffffffff,40.66371,-88.835683,544890.0,50.66
842662bffffffff,40.304905,-88.602451,544890.0,83.2
842662dffffffff,40.707784,-89.380901,544890.0,4.49
8426631ffffffff,39.590317,-88.146111,544890.0,12.11
8426633ffffffff,39.234616,-87.92287,544890.0,35.38
8426635ffffffff,39.637831,-88.679375,544890.0,46.24
8426637ffffffff,39.283195,-88.452232,544890.0,32.48
8426639ffffffff,39.898168,-87.835706,544890.0,54.56
842663bffffffff,39.540329,-87.613179,544890.0,48.86
842663dffffffff,39.947094,-88.372616,544890.0,54.09
8426641ffffffff,41.557241,-87.328278,544890.0,43.08
8426643ffffffff,41.19092,-87.101461,544890.0,86.85
8426645ffffffff,41.608438,-87.884807,544890.0,30.32
8426647ffffffff,41.243247,-87.653678,544890.0,66.13
8426649ffffffff,41.871757,-86.998176,544890.0,57.14
842664bffffffff,41.503326,-86.772265,544890.0,84.55
842664dffffffff,41.924549,-87.558586,544890.0,14.35
8426651ffffffff,40.769594,-86.330692,544890.0,164.1
8426653ffffffff,40.404377,-86.114889,544890.0,133.94
8426655ffffffff,40.825629,-86.878064,544890.0,131.21
8426657ffffffff,40.461412,-86.658015,544890.0,152.88
8426659ffffffff,41.078269,-85.998779,544890.0,164.04
842665bffffffff,40.710947,-85.784002,544890.0,167.37
842665dffffffff,41.135924,-86.549795,544890.0,122.69
8426661ffffffff,41.339856,-88.759354,544890.0,74.44
8426663ffffffff,40.977969,-88.523275,544890.0,82.4
8426665ffffffff,41.384126,-89.312608,544890.0,76.2
8426667ffffffff,41.023465,-89.072379,544890.0,46.68
8426669ffffffff,41.656909,-88.441747,544890.0,31.13
842666bffffffff,41.292895,-88.206343,544890.0,67.08
842666dffffffff,41.702648,-88.998994,544890.0,61.91
8426881ffffffff,38.200356,-104.687888,179947.0,174.4
8426883ffffffff,37.855991,-104.364588,179947.0,216.52
8426885ffffffff,38.159956,-105.235274,179947.0,180.83
8426887ffffffff,37.816842,-104.910047,179947.0,216.31
8426889ffffffff,38.582069,-104.46419,179947.0,135.92
842688bffffffff,38.238168,-104.140572,179947.0,180.96
842688dffffffff,38.543002,-105.01347,179947.0,136.07
8426891ffffffff,37.545345,-103.500241,179947.0,265.2
8426893ffffffff,37.196523,-103.183517,179947.0,254.37
8426895ffffffff,37.509958,-104.043567,179947.0,236.86
8426897ffffffff,37.162304,-103.72482,179947.0,219.23
8426899ffffffff,37.926599,-103.274153,179947.0,246.75
842689bffffffff,37.578196,-102.957196,179947.0,294.45
842689dffffffff,37.892577,-103.819257,179947.0,227.12
84268a1ffffffff,37.730863,-106.000951,179947.0,246.02
84268a3ffffffff,37.388571,-105.674261,179947.0,202.85
84268a5ffffffff,37.684039,-106.546199,179947.0,260.05
84268a7ffffffff,37.343043,-106.217738,179947.0,213.23
84268a9ffffffff,38.11697,-105.782629,179947.0,199.02
84268abffffffff,37.775132,-105.455534,179947.0,226.57
84268adffffffff,38.071402,-106.329853,179947.0,226.19
84268b1ffffffff,37.08633,-104.808049,179947.0,169.23
84268b3ffffffff,36.739465,-104.487654,179947.0,142.66
84268b5ffffffff,37.044577,-105.349782,179947.0,160.92
84268b7ffffffff,36.698927,-105.027512,179947.0,123.3
84268b9ffffffff,37.472032,-104.587078,179947.0,215.6
84268bbffffffff,37.125573,-104.266363,179947.0,189.83
84268bdffffffff,37.431569,-105.130675,179947.0,203.7
84268c1ffffffff,39.303607,-104.565196,179947.0,57.51
84268c3ffffffff,38.961943,-104.238943,179947.0,104.46
84268c5ffffffff,39.26461,-105.118349,179947.0,59.09
84268c7ffffffff,38.924232,-104.790114,179947.0,93.45
84268c9ffffffff,39.681089,-104.338706,179947.0,46.81
84268cbffffffff,39.33994,-104.012137,179947.0,87.67
84268cdffffffff,39.643466,-104.893785,179947.0,13.27
84268d1ffffffff,38.65236,-103.366063,179947.0,179.29
84268d3ffffffff,38.306026,-103.046547,179947.0,226.21
84268d5ffffffff,38.618521,-103.91502,179947.0,151.73
84268d7ffffffff,38.273391,-103.593425,179947.0,199.17
84268d9ffffffff,39.029448,-103.137161,179947.0,170.16
84268dbffffffff,38.683587,-102.817418,179947.0,214.04
84268ddffffffff,38.997014,-103.687924,179947.0,132.89
84268e1ffffffff,38.840897,-105.89251,179947.0,134.7
84268e3ffffffff,38.501323,-105.562761,179947.0,152.19
84268e5ffffffff,38.795279,-106.44353,179947.0,172.52
84268e7ffffffff,38.457034,-106.11196,179947.0,180.08
84268e9ffffffff,39.22295,-105.671492,179947.0,90.85
84268ebffffffff,38.883883,-105.341337,179947.0,105.53
84268edffffffff,39.178631,-106.224523,179947.0,132.7
8426901ffffffff,40.15371,-110.922698,167130.0,109.95
8426903ffffffff,39.832788,-110.572561,167130.0,155.91
8426905ffffffff,40.084906,-111.477349,167130.0,86.07
8426907ffffffff,39.765539,-111.125947,167130.0,131.64
8426909ffffffff,40.540151,-110.717845,167130.0,105.69
842690bffffffff,40.219862,-110.366945,167130.0,146.07
842690dffffffff,40.472438,-111.274899,167130.0,64.95
8426911ffffffff,39.572803,-109.671447,167130.0,234.09
8426913ffffffff,39.246113,-109.326864,167130.0,279.6
8426915ffffffff,39.509711,-110.224495,167130.0,202.28
8426917ffffffff,39.18452,-109.878507,167130.0,248.91
8426919ffffffff,39.959356,-109.462794,167130.0,228.04
842691bffffffff,39.633255,-109.117539,167130.0,270.69
842691dffffffff,39.8974,-110.018143,167130.0,189.38
8426921ffffffff,39.623205,-112.229223,167130.0,130.84
8426923ffffffff,39.304772,-111.877469,167130.0,163.83
8426925ffffffff,39.548163,-112.778918,167130.0,154.53
8426927ffffffff,39.231302,-112.426076,167130.0,177.03
8426929ffffffff,40.013471,-112.030795,167130.0,85.39
842692bffffffff,39.695671,-111.678201,167130.0,122.21
842692dffffffff,39.939426,-112.582939,167130.0,108.34
8426931ffffffff,39.053528,-110.979016,167130.0,208.19
8426933ffffffff,38.729263,-110.632445,167130.0,253.37
8426935ffffffff,38.984164,-111.527685,167130.0,202.37
8426937ffffffff,38.661422,-111.179883,167130.0,243.92
8426939ffffffff,39.443997,-110.77658,167130.0,177.84
842693bffffffff,39.120319,-110.429258,167130.0,224.38
842693dffffffff,39.375677,-111.327605,167130.0,164.12
8426941ffffffff,41.242234,-110.86515,167130.0,103.29
8426943ffffffff,40.924822,-110.511374,167130.0,120.53
8426945ffffffff,41.174052,-111.425913,167130.0,61.17
8426947ffffffff,40.858227,-111.070837,167130.0,72.94
8426949ffffffff,41.624424,-110.657823,167130.0,142.17
842694bffffffff,41.307687,-110.303271,167130.0,148.7
842694dffffffff,41.557378,-111.221038,167130.0,105.12
8426951ffffffff,40.667506,-109.60062,167130.0,196.77
8426953ffffffff,40.344139,-109.252535,167130.0,231.34
8426955ffffffff,40.605179,-110.159718,167130.0,150.57
8426957ffffffff,40.283344,-109.810189,167130.0,187.48
8426959ffffffff,41.049847,-109.389423,167130.0,215.7
842695bffffffff,40.727114,-109.040656,167130.0,243.53
842695dffffffff,40.988701,-109.950868,167130.0,168.12
8426961ffffffff,40.716964,-112.186222,167130.0,22.52
8426963ffffffff,40.40206,-111.830777,167130.0,42.61
8426965ffffffff,40.642339,-112.741941,167130.0,69.98
8426967ffffffff,40.329039,-112.385379,167130.0,62.93
8426969ffffffff,41.10316,-111.985455,167130.0,36.49
842696bffffffff,40.788934,-111.629154,167130.0,25.45
842696dffffffff,41.029579,-112.543675,167130.0,58.61
8426c81ffffffff,33.36367,-96.761442,295879.0,57.75
8426c83ffffffff,32.99567,-96.485568,295879.0,34.56
8426c85ffffffff,33.353321,-97.273166,295879.0,54.89
8426c87ffffffff,32.985936,-96.99489,295879.0,10.47
8426c89ffffffff,33.739751,-96.52672,295879.0,104.88
8426c8bffffffff,33.3719,-96.251049,295879.0,80.28
8426c8dffffffff,33.730907,-97.039545,295879.0,92.41
8426c91ffffffff,32.634058,-95.706383,295879.0,100.77
8426c93ffffffff,32.264178,-95.437359,295879.0,137.82
8426c95ffffffff,32.626962,-96.211909,295879.0,55.11
8426c97ffffffff,32.257602,-95.940451,295879.0,97.73
8426c99ffffffff,33.008892,-95.471086,295879.0,123.31
8426c9bffffffff,32.639116,-95.202324,295879.0,147.36
8426c9dffffffff,33.003317,-95.977609,295879.0,77.28
8426ca1ffffffff,32.960145,-98.017321,295879.0,91.43
8426ca3ffffffff,32.593284,-97.736551,295879.0,73.5
8426ca5ffffffff,32.944062,-98.530276,295879.0,139.16
8426ca7ffffffff,32.57788,-98.247203,295879.0,118.42
8426ca9ffffffff,33.340837,-97.786144,295879.0,85.03
8426cabffffffff,32.974099,-97.5055,295879.0,44.19
8426cadffffffff,33.326203,-98.300299,295879.0,126.57
8426cb1ffffffff,32.238366,-96.950832,295879.0,64.1
8426cb3ffffffff,31.869481,-96.676782,295879.0,103.09
8426cb5ffffffff,32.225676,-97.457976,295879.0,84.56
8426cb7ffffffff,31.857376,-97.181583,295879.0,111.15
8426cb9ffffffff,32.617811,-96.718828,295879.0,20.04
8426cbbffffffff,32.249003,-96.444966,295879.0,67.64
8426cbdffffffff,32.60659,-97.227067,295879.0,36.99
8426cc1ffffffff,34.481009,-96.568432,295879.0,181.16
8426cc3ffffffff,34.114138,-96.290721,295879.0,151.86
8426cc5ffffffff,34.473042,-97.084808,295879.0,174.98
8426cc7ffffffff,34.106817,-96.804635,295879.0,135.98
8426cc9ffffffff,34.853445,-96.330934,295879.0,226.89
8426ccbffffffff,34.486791,-96.053443,295879.0,198.68
8426ccdffffffff,34.847017,-96.848418,295879.0,217.24
8426cd1ffffffff,33.751046,-95.50527,295879.0,158.39
8426cd3ffffffff,33.382064,-95.234557,295879.0,157.02
8426cd5ffffffff,33.746459,-96.015269,295879.0,126.92
8426cd7ffffffff,33.378025,-95.742063,295879.0,115.49
8426cd9ffffffff,34.122341,-95.267227,295879.0,202.93
8426cdbffffffff,33.753532,-94.996795,295879.0,196.13
8426cddffffffff,34.119307,-95.778226,295879.0,173.61
8426ce1ffffffff,34.085651,-97.836411,295879.0,151.12
8426ce3ffffffff,33.719911,-97.553668,295879.0,102.92
8426ce5ffffffff,34.071776,-98.354116,295879.0,178.4
8426ce7ffffffff,33.706747,-98.069012,295879.0,131.11
8426ce9ffffffff,34.462872,-97.602493,295879.0,181.42
8426cebffffffff,34.097326,-97.319891,295879.0,135.66
8426cedffffffff,34.450485,-98.121407,295879.0,199.34
8426e81ffffffff,35.959293,-95.0915,42110.0,105.11
8426e83ffffffff,35.592817,-94.817385,42110.0,144.08
8426e85ffffffff,35.959824,-95.610649,42110.0,122.58
8426e87ffffffff,35.593959,-95.333914,42110.0,149.74
8426e89ffffffff,36.322706,-94.847797,42110.0,62.87
8426e8bffffffff,35.956537,-94.574,42110.0,106.91
8426e8dffffffff,36.324852,-95.36795,42110.0,76.72
8426e91ffffffff,35.221605,-94.033386,42110.0,199.99
8426e93ffffffff,34.852947,-93.766533,42110.0,247.18
8426e95ffffffff,35.225479,-94.545589,42110.0,187.14
8426e97ffffffff,34.857332,-94.276094,42110.0,232.05
8426e99ffffffff,35.583987,-93.789439,42110.0,174.44
8426e9bffffffff,35.215597,-93.522962,42110.0,221.95
8426e9dffffffff,35.589486,-94.302535,42110.0,153.11
8426ea1ffffffff,35.58959,-96.371702,42110.0,197.35
8426ea3ffffffff,35.224084,-96.09214,42110.0,215.1
8426ea5ffffffff,35.58404,-96.892803,42110.0,232.14
8426ea7ffffffff,35.219212,-96.610716,42110.0,242.64
8426ea9ffffffff,35.958111,-96.131371,42110.0,152.97
8426eabffffffff,35.592889,-95.852045,42110.0,168.73
8426eadffffffff,35.954134,-96.653585,42110.0,190.3
8426eb1ffffffff,34.859715,-95.300343,42110.0,228.8
8426eb3ffffffff,34.49187,-95.027934,42110.0,248.13
8426eb5ffffffff,34.857671,-95.814884,42110.0,241.22
8426eb7ffffffff,34.490405,-95.539918,42110.0,220.22
8426eb9ffffffff,35.227197,-95.059499,42110.0,185.43
8426ebbffffffff,34.859595,-94.787388,42110.0,225.65
8426ebdffffffff,35.226739,-95.575041,42110.0,195.24
8426ec1ffffffff,37.049049,-94.878633,42110.0,17.94
8426ec3ffffffff,36.684164,-94.602805,42110.0,32.92
8426ec5ffffffff,37.052181,-95.40246,42110.0,50.62
8426ec7ffffffff,36.687938,-95.123945,42110.0,31.64
8426ec9ffffffff,37.40815,-94.632012,42110.0,61.62
8426ecbffffffff,37.043634,-94.356521,42110.0,48.89
8426ecdffffffff,37.412924,-95.156843,42110.0,63.65
8426ed1ffffffff,36.311729,-93.81266,42110.0,110.01
8426ed3ffffffff,35.944445,-93.544252,42110.0,142.4
8426ed5ffffffff,36.318324,-94.329342,42110.0,79.68
8426ed7ffffffff,35.951581,-94.058226,42110.0,126.99
8426ed9ffffffff,36.669897,-93.565837,42110.0,64.69
8426edbffffffff,36.302944,-93.297826,42110.0,100.75
8426eddffffffff,36.678143,-94.08341,42110.0,73.92
8426ee1ffffffff,36.688655,-96.171147,42110.0,117.87
8426ee3ffffffff,36.324741,-95.889722,42110.0,110.39
8426ee5ffffffff,36.685556,-96.697049,42110.0,164.15
8426ee7ffffffff,36.322351,-96.413033,42110.0,151.32
8426ee9ffffffff,37.05301,-95.927923,42110.0,95.67
8426eebffffffff,36.689442,-95.646752,42110.0,72.51
8426eedffffffff,37.051514,-96.454942,42110.0,141.88
8427001ffffffff,50.910567,-95.714867,40769.0,152.69
8427003ffffffff,50.540838,-95.362949,40769.0,146.4
8427005ffffffff,50.909963,-96.392501,40769.0,125.94
8427007ffffffff,50.542728,-96.035286,40769.0,107.75
8427009ffffffff,51.278839,-95.388164,40769.0,198.62
842700bffffffff,50.907236,-95.035642,40769.0,187.93
842700dffffffff,51.279664,-96.072845,40769.0,172.67
8427011ffffffff,50.162384,-94.348545,40769.0,202.24
8427013ffffffff,49.789283,-94.013716,40769.0,224.9
8427015ffffffff,50.170552,-95.016965,40769.0,155.4
8427017ffffffff,49.799784,-94.676791,40769.0,177.34
8427019ffffffff,50.525368,-94.014057,40769.0,234.02
842701bffffffff,50.150351,-93.678954,40769.0,249.48
842701dffffffff,50.535059,-94.689145,40769.0,189.23
8427021ffffffff,50.534952,-97.374844,40769.0,74.14
8427023ffffffff,50.172106,-97.01343,40769.0,33.37
8427025ffffffff,50.525348,-98.041713,40769.0,95.6
8427027ffffffff,50.165067,-97.675408,40769.0,49.01
8427029ffffffff,50.905454,-97.068363,40769.0,113.67
842702bffffffff,50.540756,-96.705977,40769.0,79.43
842702dffffffff,50.897071,-97.742271,40769.0,120.27
8427031ffffffff,49.809423,-95.999061,40769.0,82.69
8427033ffffffff,49.442939,-95.654292,40769.0,118.08
8427035ffffffff,49.808611,-96.657912,40769.0,36.03
8427037ffffffff,49.444539,-96.308173,40769.0,77.66
8427039ffffffff,50.174878,-95.684037,40769.0,109.34
842703bffffffff,49.80649,-95.33863,40769.0,129.91
842703dffffffff,50.175387,-96.349583,40769.0,65.47
8427041ffffffff,52.020272,-95.414326,40769.0,266.68
8427043ffffffff,51.647473,-95.055014,40769.0,245.07
8427045ffffffff,52.020013,-96.111811,40769.0,248.27
8427047ffffffff,51.64979,-95.746843,40769.0,219.59
8427049ffffffff,52.391038,-95.075121,40769.0,313.93
842704bffffffff,52.016399,-94.715247,40769.0,291.86
842704dffffffff,52.392324,-95.78003,40769.0,294.7
8427051ffffffff,51.265136,-94.01441,40769.0,269.2
8427053ffffffff,50.888667,-93.67317,40769.0,270.35
8427055ffffffff,51.274004,-94.701955,40769.0,231.64
8427057ffffffff,50.899944,-94.355014,40769.0,227.81
8427059ffffffff,51.630563,-93.66717,40769.0,312.35
842705bffffffff,51.25221,-93.325724,40769.0,309.7
842705dffffffff,51.641072,-94.361724,40769.0,276.58
8427061ffffffff,51.642288,-97.12533,40769.0,195.47
8427063ffffffff,51.276509,-96.755807,40769.0,157.23
8427065ffffffff,51.632532,-97.811605,40769.0,199.93
8427067ffffffff,51.269405,-97.436864,40769.0,155.36
8427069ffffffff,52.015652,-96.807502,40769.0,238.17
842706bffffffff,51.648052,-96.437013,40769.0,202.35
842706dffffffff,52.007221,-97.5012,40769.0,237.35
8427501ffffffff,45.709686,-91.285242,76496.0,157.06
8427503ffffffff,45.338525,-91.005983,76496.0,182.2
8427505ffffffff,45.738958,-91.892111,76496.0,109.95
8427507ffffffff,45.369533,-91.608112,76496.0,137.72
8427509ffffffff,46.050373,-90.957011,76496.0,181.89
842750bffffffff,45.677152,-90.678098,76496.0,204.3
842750dffffffff,46.081169,-91.569009,76496.0,135.45
8427511ffffffff,44.931882,-90.133558,76496.0,246.67
8427513ffffffff,44.559949,-89.867745,76496.0,272.15
8427515ffffffff,44.967743,-90.731138,76496.0,199.56
8427517ffffffff,44.597398,-90.460616,76496.0,225.26
8427519ffffffff,45.266864,-89.801232,76496.0,274.08
842751bffffffff,44.892856,-89.535962,76496.0,293.87
842751dffffffff,45.304302,-90.403645,76496.0,227.83
8427521ffffffff,45.421929,-92.811216,76496.0,62.28
8427523ffffffff,45.05635,-92.522489,76496.0,59.49
8427525ffffffff,45.443332,-93.411926,76496.0,48.97
8427527ffffffff,45.079579,-93.118711,76496.0,17.43
8427529ffffffff,45.764972,-92.49857,76496.0,63.1
842752bffffffff,45.397332,-92.209901,76496.0,95.93
842752dffffffff,45.787738,-93.104484,76496.0,17.87
8427531ffffffff,44.66295,-91.645976,76496.0,132.22
8427533ffffffff,44.296326,-91.370541,76496.0,167.46
8427535ffffffff,44.69106,-92.238212,76496.0,86.66
8427537ffffffff,44.326118,-91.958297,76496.0,125.52
8427539ffffffff,45.000438,-91.328573,76496.0,152.57
842753bffffffff,44.631731,-91.053402,76496.0,178.57
842753dffffffff,45.029972,-91.925733,76496.0,105.79
8427541ffffffff,46.767108,-90.90641,76496.0,208.58
8427543ffffffff,46.391533,-90.623308,76496.0,213.82
8427545ffffffff,46.79769,-91.528603,76496.0,170.07
8427547ffffffff,46.423906,-91.24048,76496.0,169.71
8427549ffffffff,47.110712,-90.566679,76496.0,250.02
842754bffffffff,46.733105,-90.284017,76496.0,250.26
842754dffffffff,47.142924,-91.194216,76496.0,213.83
8427551ffffffff,45.97883,-89.732544,76496.0,275.9
8427553ffffffff,45.602284,-89.463533,76496.0,299.02
8427555ffffffff,46.016261,-90.34481,76496.0,228.77
8427557ffffffff,45.641352,-90.070817,76496.0,251.62
8427559ffffffff,46.316675,-89.388717,76496.0,305.27
842755bffffffff,45.93808,-89.120354,76496.0,323.19
842755dffffffff,46.35579,-90.006006,76496.0,259.19
8427561ffffffff,46.478558,-92.473862,76496.0,92.19
8427563ffffffff,46.108653,-92.180663,76496.0,90.02
8427565ffffffff,46.500851,-93.089787,76496.0,71.25
8427567ffffffff,46.132833,-92.791834,76496.0,48.33
8427569ffffffff,46.824854,-92.150451,76496.0,137.35
842756bffffffff,46.452912,-91.857379,76496.0,128.06
842756dffffffff,46.84861,-92.771807,76496.0,115.37
8428301ffffffff,38.193209,-122.196197,313761.0,52.78
8428303ffffffff,38.477607,-122.559237,313761.0,81.04
8428305ffffffff,38.309001,-121.682402,313761.0,89.86
8428307ffffffff,38.595039,-122.045604,313761.0,99.19
8428309ffffffff,37.790261,-122.345479,313761.0,8.38
842830bffffffff,38.075459,-122.707168,313761.0,43.04
842830dffffffff,37.90638,-121.834329,313761.0,46.3
8428311ffffffff,38.638532,-123.433903,313761.0,131.62
8428313ffffffff,38.916363,-123.798902,313761.0,175.78
8428315ffffffff,38.759551,-122.923425,313761.0,119.62
8428317ffffffff,39.039018,-123.288737,313761.0,154.81
842831dffffffff,38.358224,-123.069984,313761.0,87.3
8428321ffffffff,38.82387,-121.009918,313761.0,170.23
8428323ffffffff,39.110755,-121.374539,313761.0,139.54
8428325ffffffff,38.935185,-120.48799,313761.0,203.84
8428327ffffffff,39.223726,-120.852628,313761.0,158.96
8428329ffffffff,38.422793,-121.165842,313761.0,125.79
842832bffffffff,38.710474,-121.529144,313761.0,132.15
842832dffffffff,38.534541,-120.646581,313761.0,165.59
8428331ffffffff,39.278468,-122.25944,313761.0,99.54
8428333ffffffff,39.558734,-122.626388,313761.0,75.85
8428335ffffffff,39.395171,-121.740422,313761.0,96.55
8428337ffffffff,39.677096,-122.107543,313761.0,56.36
8428339ffffffff,38.878624,-122.409999,313761.0,124.86
842833bffffffff,39.159735,-122.775565,313761.0,121.65
842833dffffffff,38.995707,-121.893684,313761.0,134.31
8428341ffffffff,37.097866,-122.134251,313761.0,33.97
8428343ffffffff,37.386239,-122.493464,313761.0,41.48
8428345ffffffff,37.212661,-121.625576,313761.0,22.01
8428347ffffffff,37.502654,-121.98494,313761.0,4.48
842834dffffffff,36.807131,-121.77619,313761.0,55.31
8428361ffffffff,37.729669,-120.959671,313761.0,91.7
8428363ffffffff,38.020536,-121.320417,313761.0,83.63
8428365ffffffff,37.840186,-120.443047,313761.0,137.56
8428367ffffffff,38.132688,-120.803803,313761.0,127.48
8428369ffffffff,37.325528,-121.114201,313761.0,64.95
842836bffffffff,37.617144,-121.473656,313761.0,48.23
842836dffffffff,37.436426,-120.600187,313761.0,111.29
8428d01ffffffff,48.134609,-121.51448,332296.0,83.12
8428d03ffffffff,48.380329,-121.918092,332296.0,89.67
8428d05ffffffff,48.249565,-120.939464,332296.0,124.61
8428d07ffffffff,48.497124,-121.343172,332296.0,121.68
8428d09ffffffff,47.770214,-121.684136,332296.0,50.71
8428d0bffffffff,48.016961,-122.086108,332296.0,47.48
8428d0dffffffff,47.886033,-121.112387,332296.0,95.28
8428d11ffffffff,48.501888,-122.894393,332296.0,84.53
8428d13ffffffff,48.740055,-123.300642,332296.0,58.56
8428d15ffffffff,48.623188,-122.323192,332296.0,89.87
8428d17ffffffff,48.863176,-122.729748,332296.0,50.77
8428d19ffffffff,48.13875,-123.057429,332296.0,79.38
8428d1bffffffff,48.377971,-123.461956,332296.0,100.52
8428d1dffffffff,48.260855,-122.489538,332296.0,72.19
8428d21ffffffff,48.722485,-120.183258,332296.0,200.51
8428d23ffffffff,48.970889,-120.588568,332296.0,185.41
8428d25ffffffff,48.830959,-119.598444,332296.0,206.04
8428d27ffffffff,49.081232,-120.003644,332296.0,225.89
8428d29ffffffff,48.361783,-120.361149,332296.0,167.71
8428d2bffffffff,48.611191,-120.764865,332296.0,159.76
8428d2dffffffff,48.471218,-119.779624,332296.0,195.94
8428d31ffffffff,49.101409,-121.577104,332296.0,111.93
8428d33ffffffff,49.342202,-121.985564,332296.0,81.46
8428d35ffffffff,49.216421,-120.995522,332296.0,152.84
8428d37ffffffff,49.459073,-121.40409,332296.0,125.01
8428d39ffffffff,48.74182,-121.748431,332296.0,113.65
8428d3bffffffff,48.983644,-122.155208,332296.0,74.87
8428d3dffffffff,48.857736,-121.170194,332296.0,147.23
8428d41ffffffff,47.153355,-121.453287,332296.0,63.0
8428d43ffffffff,47.403966,-121.852164,332296.0,27.2
8428d45ffffffff,47.268193,-120.884693,332296.0,100.99
8428d47ffffffff,47.520622,-121.283655,332296.0,71.38
8428d49ffffffff,46.784261,-121.621305,332296.0,80.76
8428d4bffffffff,47.035889,-122.018582,332296.0,41.88
8428d4dffffffff,46.899919,-121.055901,332296.0,103.0
8428d51ffffffff,47.53066,-122.817399,332296.0,38.32
8428d53ffffffff,47.773786,-123.218876,332296.0,69.06
8428d55ffffffff,47.65174,-122.252501,332296.0,6.37
8428d57ffffffff,47.896671,-122.654266,332296.0,39.33
8428d59ffffffff,47.162847,-122.978956,332296.0,63.02
8428d5bffffffff,47.407021,-123.378754,332296.0,82.68
8428d5dffffffff,47.284691,-122.41729,332296.0,19.27
8428d61ffffffff,47.745891,-120.136823,332296.0,160.73
8428d63ffffffff,47.999151,-120.537338,332296.0,139.91
8428d65ffffffff,47.854414,-119.558676,332296.0,160.24
8428d67ffffffff,48.10952,-119.959076,332296.0,184.61
8428d69ffffffff,47.380356,-120.312885,332296.0,143.04
8428d6bffffffff,47.634612,-120.711846,332296.0,116.0
8428d6dffffffff,47.489798,-119.737948,332296.0,174.01
8428d81ffffffff,49.794336,-124.36985,95465.0,109.84
8428d83ffffffff,50.027269,-124.856043,95465.0,153.16
8428d85ffffffff,49.929887,-123.867412,95465.0,93.68
8428d87ffffffff,50.165539,-124.35449,95465.0,136.02
8428d89ffffffff,49.437307,-124.527403,95465.0,105.48
8428d8bffffffff,49.663965,-124.938878,95465.0,140.65
8428d8dffffffff,49.565873,-123.957812,95465.0,71.31
8428d91ffffffff,50.115541,-125.840546,95465.0,219.39
8428d93ffffffff,50.340849,-126.333253,95465.0,261.83
8428d95ffffffff,50.257752,-125.346095,95465.0,196.44
8428d97ffffffff,50.485738,-125.839981,95465.0,239.65
8428d99ffffffff,49.753049,-125.91583,95465.0,210.88
8428d9bffffffff,49.972168,-126.328923,95465.0,246.09
8428d9dffffffff,49.88774,-125.351568,95465.0,177.17
8428da1ffffffff,50.438036,-123.333174,95465.0,133.16
8428da3ffffffff,50.676768,-123.825922,95465.0,166.93
8428da5ffffffff,50.572127,-122.813356,95465.0,148.44
8428da7ffffffff,50.813674,-123.306813,95465.0,174.5
8428da9ffffffff,50.064081,-123.359004,95465.0,92.42
8428dabffffffff,50.302484,-123.846877,95465.0,128.73
8428dadffffffff,50.19685,-122.844601,95465.0,106.87
8428db1ffffffff,50.771879,-124.834805,95465.0,209.76
8428db3ffffffff,51.002774,-125.334813,95465.0,251.7
8428db5ffffffff,50.912995,-124.322824,95465.0,204.46
8428db7ffffffff,51.146669,-124.823858,95465.0,243.98
8428db9ffffffff,50.398738,-124.845531,95465.0,178.86
8428dbbffffffff,50.629437,-125.340511,95465.0,221.87
8428dbdffffffff,50.538433,-124.338818,95465.0,168.52
8428dc1ffffffff,48.84782,-124.274967,95465.0,96.6
8428dc3ffffffff,49.078439,-124.683381,95465.0,116.69
8428dc5ffffffff,48.975349,-123.70825,95465.0,53.78
8428dc7ffffffff,49.207768,-124.117182,95465.0,74.01
8428dc9ffffffff,48.486052,-124.431188,95465.0,129.21
8428dcbffffffff,48.717754,-124.837805,95465.0,139.94
8428dcdffffffff,48.614329,-123.867813,95465.0,90.23
8428dd1ffffffff,49.172559,-125.654598,95465.0,185.76
8428dd3ffffffff,49.39566,-126.064701,95465.0,215.47
8428dd5ffffffff,49.306184,-125.093021,95465.0,144.71
8428dd7ffffffff,49.531055,-125.50385,95465.0,176.76
8428dddffffffff,48.94659,-125.245621,95465.0,159.81
8428de1ffffffff,49.458655,-122.973186,95465.0,24.95
8428de3ffffffff,49.69183,-123.38432,95465.0,53.25
8428de5ffffffff,49.580109,-122.395541,95465.0,62.8
8428de7ffffffff,49.823273,-122.87522,95465.0,65.78
8428de9ffffffff,49.10029,-123.137726,95465.0,16.87
8428debffffffff,49.334524,-123.547092,95465.0,33.76
8428dedffffffff,49.222591,-122.563471,95465.0,39.07
8429a01ffffffff,33.969092,-117.246454,198163.0,108.12
8429a03ffffffff,34.284881,-117.591184,198163.0,77.38
8429a05ffffffff,34.06261,-116.734889,198163.0,154.07
8429a07ffffffff,34.379927,-117.079196,198163.0,125.56
8429a09ffffffff,33.557365,-117.41237,198163.0,110.76
8429a0bffffffff,33.87362,-117.756055,198163.0,65.68
8429a0dffffffff,33.651317,-116.903169,198163.0,148.03
8429a11ffffffff,34.500095,-118.44763,198163.0,43.08
8429a13ffffffff,34.810241,-118.795487,198163.0,85.22
8429a15ffffffff,34.598645,-117.937344,198163.0,68.99
8429a17ffffffff,34.910347,-118.284916,198163.0,89.24
8429a19ffffffff,34.088944,-118.609018,198163.0,18.83
8429a1bffffffff,34.399615,-118.955764,198163.0,59.61
8429a1dffffffff,34.187876,-118.101147,198163.0,29.3
8429a21ffffffff,34.564006,-116.049431,198163.0,198.75
8429a23ffffffff,34.882376,-116.394254,198163.0,181.63
8429a25ffffffff,34.652976,-115.531798,198163.0,177.37
8429a27ffffffff,34.972868,-115.876052,198163.0,150.63
8429a29ffffffff,34.15414,-116.22143,198163.0,201.18
8429a2bffffffff,34.472979,-116.565255,198163.0,173.81
8429a2dffffffff,34.243652,-115.706151,198163.0,224.83
8429a31ffffffff,35.104621,-117.257405,198163.0,152.3
8429a33ffffffff,35.417346,-117.605701,198163.0,162.34
8429a35ffffffff,35.19872,-116.740605,198163.0,175.98
8429a37ffffffff,35.513001,-117.088471,198163.0,182.75
8429a39ffffffff,34.695232,-117.424972,198163.0,110.86
8429a3bffffffff,35.008485,-117.772199,198163.0,115.18
8429a3dffffffff,34.789819,-116.910585,198163.0,156.42
8429a41ffffffff,32.826164,-117.235722,198163.0,179.74
8429a43ffffffff,33.144796,-117.57696,198163.0,132.36
8429a45ffffffff,32.919019,-116.729287,198163.0,204.55
8429a47ffffffff,33.239152,-117.070109,198163.0,157.36
8429a4dffffffff,32.50564,-116.895902,198163.0,227.37
8429a55ffffffff,33.461497,-117.919599,198163.0,85.4
8429a57ffffffff,33.776225,-118.263624,198163.0,39.82
8429a61ffffffff,33.422098,-116.050737,198163.0,230.97
8429a63ffffffff,33.74332,-116.392064,198163.0,190.4
8429a65ffffffff,33.510626,-115.538357,198163.0,273.36
8429a67ffffffff,33.833342,-115.879126,198163.0,235.16
8429a69ffffffff,33.00997,-116.220997,198163.0,236.83
8429a6bffffffff,33.331596,-116.561345,198163.0,191.57
8429a6dffffffff,33.098985,-115.710923,198163.0,273.98
842a101ffffffff,40.858416,-73.781928,169629.0,21.86
842a103ffffffff,40.4732,-73.664345,169629.0,32.99
842a105ffffffff,40.973661,-74.312852,169629.0,20.99
842a107ffffffff,40.588351,-74.19059,169629.0,15.22
842a109ffffffff,41.127837,-73.368679,169629.0,39.31
842a10bffffffff,40.74097,-73.253862,169629.0,19.06
842a10dffffffff,41.245404,-73.901474,169629.0,29.04
842a121ffffffff,40.812033,-75.2513,169629.0,38.77
842a123ffffffff,40.428411,-75.121749,169629.0,48.7
842a125ffffffff,40.920481,-75.785624,169629.0,51.23
842a127ffffffff,40.536896,-75.651398,169629.0,77.68
842a129ffffffff,41.08666,-74.846566,169629.0,33.56
842a12bffffffff,40.701309,-74.719598,169629.0,11.37
842a12dffffffff,41.197372,-75.382998,169629.0,51.97
842a131ffffffff,39.93587,-74.471824,169629.0,55.41
842a133ffffffff,39.555838,-74.350921,169629.0,65.32
842a135ffffffff,40.046535,-74.994295,169629.0,33.98
842a137ffffffff,39.666433,-74.868888,169629.0,19.57
842a139ffffffff,40.204813,-74.070321,169629.0,55.8
842a13bffffffff,39.823075,-73.951998,169629.0,96.11
842a13dffffffff,40.317703,-74.5947,169629.0,54.85
842a141ffffffff,41.786806,-73.064678,169629.0,65.49
842a143ffffffff,41.39655,-72.95081,169629.0,65.67
842a145ffffffff,41.906851,-73.604157,169629.0,49.34
842a147ffffffff,41.516474,-73.485428,169629.0,21.08
842a149ffffffff,42.056336,-72.639191,169629.0,73.29
842a14bffffffff,41.664489,-72.528288,169629.0,77.45
842a14dffffffff,42.178801,-73.180492,169629.0,90.76
842a151ffffffff,40.886118,-72.312021,169629.0,98.36
842a155ffffffff,41.00806,-72.83884,169629.0,58.89
842a15dffffffff,41.274407,-72.419247,169629.0,102.76
842a161ffffffff,41.749485,-74.563553,169629.0,20.23
842a163ffffffff,41.360715,-74.437156,169629.0,24.38
842a165ffffffff,41.862482,-75.106917,169629.0,60.46
842a167ffffffff,41.473728,-74.975655,169629.0,42.25
842a169ffffffff,42.024578,-74.146653,169629.0,57.24
842a16bffffffff,41.634134,-74.023033,169629.0,30.1
842a16dffffffff,42.139939,-74.692095,169629.0,64.88
842aa01ffffffff,41.616525,-77.554392,62567.0,135.36
842aa03ffffffff,41.231775,-77.403577,62567.0,120.98
842aa05ffffffff,41.715194,-78.103256,62567.0,169.25
842aa07ffffffff,41.330728,-77.947625,62567.0,165.49
842aa09ffffffff,41.901944,-77.156299,62567.0,115.82
842aa0bffffffff,41.51537,-77.007852,62567.0,88.56
842aa0dffffffff,42.002838,-77.707721,62567.0,126.03
842aa11ffffffff,40.747039,-76.718207,62567.0,92.95
842aa13ffffffff,40.365346,-76.576896,62567.0,103.23
842aa15ffffffff,40.84862,-77.255216,62567.0,122.14
842aa17ffffffff,40.467094,-77.109252,62567.0,88.46
842aa19ffffffff,41.026614,-76.322497,62567.0,47.67
842aa1bffffffff,40.643119,-76.183576,62567.0,81.87
842aa1dffffffff,41.130391,-76.861841,62567.0,79.19
842aa21ffffffff,41.521201,-79.042314,62567.0,180.82
842aa23ffffffff,41.138964,-78.879705,62567.0,157.49
842aa25ffffffff,41.612653,-79.592781,62567.0,156.27
842aa27ffffffff,41.23083,-79.42541,62567.0,136.37
842aa29ffffffff,41.811342,-78.654356,62567.0,187.46
842aa2bffffffff,41.427215,-78.493899,62567.0,202.61
842aa2dffffffff,41.904934,-79.207603,62567.0,197.98
842aa31ffffffff,40.663584,-78.180741,62567.0,114.59
842aa33ffffffff,40.284145,-78.027921,62567.0,71.68
842aa35ffffffff,40.758256,-78.719714,62567.0,144.57
842aa37ffffffff,40.379111,-78.562281,62567.0,110.49
842aa39ffffffff,40.947825,-77.794524,62567.0,134.76
842aa3bffffffff,40.566518,-77.643894,62567.0,91.15
842aa3dffffffff,41.044618,-78.336048,62567.0,158.38
842aa41ffffffff,42.576858,-76.901761,62567.0,54.0
842aa43ffffffff,42.186922,-76.753292,62567.0,99.04
842aa45ffffffff,42.679744,-77.460738,62567.0,50.19
842aa47ffffffff,42.290081,-77.30724,62567.0,85.4
842aa49ffffffff,42.863103,-76.491229,62567.0,52.85
842aa4bffffffff,42.471393,-76.345322,62567.0,88.03
842aa4dffffffff,42.968319,-77.052765,62567.0,8.8
842aa51ffffffff,41.692686,-76.060803,62567.0,37.75
842aa53ffffffff,41.305755,-75.922074,62567.0,7.12
842aa55ffffffff,41.798548,-76.607298,62567.0,72.24
842aa57ffffffff,41.411767,-76.463719,62567.0,41.94
842aa59ffffffff,41.973083,-75.653048,62567.0,72.86
842aa5bffffffff,41.584399,-75.516896,62567.0,44.9
842aa5dffffffff,42.081243,-76.201867,62567.0,82.47
842aa61ffffffff,42.488679,-78.422354,62567.0,124.73
842aa63ffffffff,42.101189,-78.261478,62567.0,141.75
842aa65ffffffff,42.584044,-78.983337,62567.0,132.55
842aa67ffffffff,42.196964,-78.81748,62567.0,169.51
842aa69ffffffff,42.780013,-78.022165,62567.0,81.08
842aa6bffffffff,42.390679,-77.863624,62567.0,95.95
842aa6dffffffff,42.877626,-78.585948,62567.0,115.28
842aa81ffffffff,38.957863,-76.548273,348687.0,40.91
842aa83ffffffff,38.584914,-76.413489,348687.0,63.23
842aa85ffffffff,39.057864,-77.064964,348687.0,17.54
842aa87ffffffff,38.684987,-76.925863,348687.0,25.66
842aa89ffffffff,39.230514,-76.166361,348687.0,60.85
842aa8bffffffff,38.855744,-76.033813,348687.0,85.22
842aa8dffffffff,39.332583,-76.685191,348687.0,17.54
842aa91ffffffff,38.111619,-75.774869,348687.0,36.99
842aa93ffffffff,37.742312,-75.648382,348687.0,31.57
842aa95ffffffff,38.21376,-76.28079,348687.0,49.99
842aa97ffffffff,37.844426,-76.150131,348687.0,14.07
842aa99ffffffff,38.378591,-75.395454,348687.0,80.58
842aa9bffffffff,38.00749,-75.271213,348687.0,66.33
842aa9dffffffff,38.482771,-75.903331,348687.0,73.41
842aaa1ffffffff,38.878785,-77.956984,348687.0,45.19
842aaa3ffffffff,38.507913,-77.811495,348687.0,59.85
842aaa5ffffffff,38.972445,-78.475589,348687.0,88.99
842aaa7ffffffff,38.601764,-78.325818,348687.0,86.25
842aaa9ffffffff,39.15571,-77.583815,348687.0,24.34
842aaabffffffff,38.782955,-77.440384,348687.0,20.21
842aaadffffffff,39.251369,-78.104753,348687.0,65.15
842aab1ffffffff,38.042692,-77.160124,348687.0,96.67
842aab3ffffffff,37.675234,-77.023197,348687.0,92.24
842aab5ffffffff,38.138779,-77.668238,348687.0,93.84
842aab7ffffffff,37.771408,-77.527163,348687.0,132.87
842aab9ffffffff,38.313879,-76.788913,348687.0,68.6
842aabbffffffff,37.944564,-76.654067,348687.0,59.61
842aabdffffffff,38.411941,-77.299171,348687.0,60.05
842aac1ffffffff,39.881224,-75.912423,348687.0,26.22
842aac3ffffffff,39.502881,-75.780087,348687.0,19.52
842aac5ffffffff,39.985342,-76.437853,348687.0,67.18
842aac7ffffffff,39.607055,-76.301025,348687.0,47.13
842aac9ffffffff,40.155029,-75.519344,348687.0,56.84
842aacbffffffff,39.774908,-75.389411,348687.0,27.28
842aacdffffffff,40.261312,-76.046902,348687.0,69.43
842aad1ffffffff,39.020012,-75.135713,348687.0,81.01
842aad3ffffffff,38.645288,-75.011852,348687.0,122.6
842aad5ffffffff,39.126311,-75.649846,348687.0,62.0
842aad7ffffffff,38.75154,-75.52165,348687.0,104.96
842aad9ffffffff,39.28813,-74.745481,348687.0,58.21
842aaddffffffff,39.39656,-75.26155,348687.0,42.19
842aae1ffffffff,39.808817,-77.34982,348687.0,18.97
842aae3ffffffff,39.432482,-77.206266,348687.0,33.78
842aae5ffffffff,39.906333,-77.87753,348687.0,32.4
842aae7ffffffff,39.530179,-77.729512,348687.0,28.46
842aae9ffffffff,40.087226,-76.965629,348687.0,62.95
842aaebffffffff,39.709046,-76.824293,348687.0,28.26
842aaedffffffff,40.186838,-77.495678,348687.0,48.93
842b981ffffffff,44.351525,-78.684037,262073.0,87.37
842b983ffffffff,43.956599,-78.514274,262073.0,72.91
842b985ffffffff,44.447219,-79.268879,262073.0,78.89
842b987ffffffff,44.05283,-79.093721,262073.0,41.22
842b989ffffffff,44.649674,-78.268857,262073.0,133.96
842b98bffffffff,44.252936,-78.101588,262073.0,116.53
842b98dffffffff,44.747749,-78.856784,262073.0,119.19
842b991ffffffff,43.463508,-77.775658,262073.0,72.49
842b993ffffffff,43.070899,-77.616856,262073.0,42.69
842b995ffffffff,43.563011,-78.347422,262073.0,84.89
842b997ffffffff,43.170803,-78.183408,262073.0,89.68
842b999ffffffff,43.755673,-77.362637,262073.0,82.31
842b99bffffffff,43.36127,-77.206369,262073.0,36.69
842b99dffffffff,43.857534,-77.937212,262073.0,113.45
842b9a1ffffffff,44.236643,-80.25935,262073.0,89.74
842b9a3ffffffff,43.844732,-80.076564,262073.0,57.6
842b9a5ffffffff,44.324156,-80.845315,262073.0,134.32
842b9a7ffffffff,43.932925,-80.657216,262073.0,105.15
842b9a9ffffffff,44.53998,-79.856006,262073.0,96.76
842b9abffffffff,44.146189,-79.675449,262073.0,51.07
842b9adffffffff,44.629773,-80.445308,262073.0,130.6
842b9b1ffffffff,43.362431,-79.323516,262073.0,42.36
842b9b3ffffffff,42.972546,-79.151993,262073.0,87.38
842b9b5ffffffff,43.454083,-79.896873,262073.0,52.92
842b9b7ffffffff,43.064739,-79.720203,262073.0,80.32
842b9b9ffffffff,43.65974,-78.921562,262073.0,37.44
842b9bbffffffff,43.267992,-78.752328,262073.0,72.68
842b9bdffffffff,43.753659,-79.497977,262073.0,10.1
842b9c1ffffffff,45.347018,-78.015739,262073.0,208.41
842b9c3ffffffff,44.947204,-77.848115,262073.0,180.76
842b9c5ffffffff,45.44699,-78.612374,262073.0,198.96
842b9c7ffffffff,45.047707,-78.439093,262073.0,163.09
842b9c9ffffffff,45.645608,-77.586651,262073.0,254.47
842b9cbffffffff,45.24404,-77.421744,262073.0,227.73
842b9cdffffffff,45.74808,-78.186389,262073.0,241.98
842b9d1ffffffff,44.444807,-77.100634,262073.0,156.01
842b9d3ffffffff,44.047226,-76.944286,262073.0,112.44
842b9d5ffffffff,44.54868,-77.683439,262073.0,161.96
842b9d7ffffffff,44.15149,-77.521637,262073.0,128.13
842b9d9ffffffff,44.737413,-76.674145,262073.0,191.51
842b9dbffffffff,44.338096,-76.520547,262073.0,151.31
842b9ddffffffff,44.843759,-77.259763,262073.0,200.81
842b9e1ffffffff,45.239726,-79.628495,262073.0,167.8
842b9e3ffffffff,44.842866,-79.447111,262073.0,122.58
842b9e5ffffffff,45.331167,-80.22669,262073.0,189.24
842b9e7ffffffff,44.934987,-80.039727,262073.0,142.88
842b9e9ffffffff,45.543915,-79.211537,262073.0,200.81
842b9ebffffffff,45.145227,-79.032591,262073.0,158.39
842b9edffffffff,45.637755,-79.813112,262073.0,213.68
842f585ffffffff,35.133707,140.095797,59175.0,69.07
842f587ffffffff,35.16554,139.639845,59175.0,58.83
842f593ffffffff,34.553594,138.258207,59175.0,185.14
842f595ffffffff,34.860026,138.943083,59175.0,117.54
842f597ffffffff,34.888163,138.495027,59175.0,144.41
842f5a1ffffffff,35.838798,140.141719,59175.0,17.36
842f5a3ffffffff,35.868823,139.681224,59175.0,21.14
842f5a5ffffffff,36.176503,140.397272,59175.0,45.02
842f5a7ffffffff,36.206598,139.93333,59175.0,59.03
842f5a9ffffffff,35.469909,140.348592,59175.0,34.22
842f5abffffffff,35.501797,139.889259,59175.0,24.16
842f5adffffffff,35.806833,140.604465,59175.0,26.03
842f5b1ffffffff,35.559872,138.977389,59175.0,71.21
842f5b3ffffffff,35.58611,138.524934,59175.0,111.23
842f5b5ffffffff,35.896933,139.223021,59175.0,52.91
842f5b7ffffffff,35.923154,138.767151,59175.0,92.4
842f5b9ffffffff,35.195497,139.186146,59175.0,74.78
842f5bbffffffff,35.223602,138.73474,59175.0,105.37
842f5bdffffffff,35.531776,139.432178,59175.0,33.48
8439081ffffffff,39.190455,-3.026195,255940.0,148.13
8439083ffffffff,39.124536,-2.516054,255940.0,175.91
8439085ffffffff,38.86051,-3.343554,255940.0,138.46
8439087ffffffff,38.796619,-2.833894,255940.0,136.78
8439089ffffffff,39.584422,-3.220887,255940.0,101.28
843908bffffffff,39.518406,-2.706948,255940.0,131.11
843908dffffffff,39.254433,-3.539623,255940.0,130.01
8439091ffffffff,39.380601,-1.68917,255940.0,206.87
8439093ffffffff,39.308903,-1.185423,255940.0,247.7
8439095ffffffff,39.056719,-2.009247,255940.0,194.52
8439097ffffffff,38.987049,-1.505822,255940.0,216.94
8439099ffffffff,39.774327,-1.874817,255940.0,171.15
843909bffffffff,39.702439,-1.367279,255940.0,214.09
843909dffffffff,39.45045,-2.19636,255940.0,167.5
84390a1ffffffff,38.134929,-3.464002,255940.0,59.99
84390a3ffffffff,38.073165,-2.958555,255940.0,57.9
84390a5ffffffff,37.801233,-3.776265,255940.0,48.63
84390a7ffffffff,37.741469,-3.271338,255940.0,13.91
84390a9ffffffff,38.528609,-3.659022,255940.0,106.85
84390abffffffff,38.466737,-3.149878,255940.0,95.18
84390adffffffff,38.19479,-3.972597,255940.0,88.76
84390b1ffffffff,38.337331,-2.141268,255940.0,127.69
84390b3ffffffff,38.269884,-1.641895,255940.0,160.6
84390b5ffffffff,38.00954,-2.456305,255940.0,84.18
84390b7ffffffff,37.944097,-1.957299,255940.0,121.42
84390b9ffffffff,38.730827,-2.327506,255940.0,149.06
84390bbffffffff,38.66318,-1.824438,255940.0,172.18
84390bdffffffff,38.402964,-2.643944,255940.0,103.48
84390c1ffffffff,40.04252,-3.939101,255940.0,46.19
84390c3ffffffff,39.978468,-3.418009,255940.0,54.44
84390c5ffffffff,39.710456,-4.25861,255940.0,91.67
84390c7ffffffff,39.648454,-3.738125,255940.0,85.5
84390c9ffffffff,40.436581,-4.142592,255940.0,37.25
84390cbffffffff,40.372541,-3.617603,255940.0,8.77
84390cdffffffff,40.104501,-4.463451,255940.0,73.26
84390d1ffffffff,40.238292,-2.577656,255940.0,97.47
84390d3ffffffff,40.168177,-2.062803,255940.0,141.86
84390d5ffffffff,39.912387,-2.90023,255940.0,88.34
84390d7ffffffff,39.844325,-2.385816,255940.0,128.84
84390d9ffffffff,40.632301,-2.77192,255940.0,82.28
84390dbffffffff,40.562101,-2.253168,255940.0,123.69
84390ddffffffff,40.306429,-3.09594,255940.0,52.91
84390e1ffffffff,38.982419,-4.37249,255940.0,169.47
84390e3ffffffff,38.922458,-3.856437,255940.0,153.83
84390e5ffffffff,38.646476,-4.686737,255940.0,168.4
84390e7ffffffff,38.588536,-4.171326,255940.0,133.53
84390e9ffffffff,39.376386,-4.57613,255940.0,137.59
84390ebffffffff,39.316425,-4.056286,255940.0,126.02
84390edffffffff,39.04035,-4.89166,255940.0,183.73
8444a11ffffffff,25.9017,-80.099795,222293.0,17.12
8444a13ffffffff,26.265474,-80.272298,222293.0,53.9
8444a19ffffffff,25.567918,-80.331305,222293.0,26.92
8444a1bffffffff,25.931513,-80.504639,222293.0,33.73
8444a2dffffffff,25.054134,-78.185387,222293.0,218.94
8444a37ffffffff,26.49615,-78.834526,222293.0,158.51
8444a53ffffffff,25.232742,-80.562237,222293.0,70.75
8444a65ffffffff,24.369146,-78.254476,222293.0,252.07
8444a67ffffffff,24.7271,-78.413978,222293.0,215.49
8444c01ffffffff,32.872502,-83.213195,278405.0,149.72
8444c03ffffffff,33.244373,-83.416072,278405.0,109.65
8444c05ffffffff,32.83092,-82.764981,278405.0,147.51
8444c07ffffffff,33.20249,-82.965088,278405.0,148.79
8444c09ffffffff,32.540604,-83.460518,278405.0,128.4
8444c0bffffffff,32.912696,-83.664239,278405.0,117.86
8444c0dffffffff,32.500707,-83.012228,278405.0,111.55
8444c11ffffffff,33.656981,-84.0775,278405.0,33.97
8444c13ffffffff,34.029081,-84.287083,278405.0,32.12
8444c15ffffffff,33.616272,-83.620883,278405.0,75.89
8444c17ffffffff,33.988155,-83.827648,278405.0,60.32
8444c19ffffffff,33.32385,-84.326519,278405.0,49.6
8444c1bffffffff,33.696208,-84.536927,278405.0,12.95
8444c1dffffffff,33.284837,-83.869893,278405.0,73.78
8444c21ffffffff,33.114598,-82.07174,278405.0,193.35
8444c23ffffffff,33.485586,-82.268196,278405.0,201.79
8444c25ffffffff,33.068654,-81.62943,278405.0,157.48
8444c27ffffffff,33.439279,-81.823116,278405.0,186.04
8444c29ffffffff,32.787981,-82.319625,278405.0,151.13
8444c2bffffffff,33.159221,-82.516968,278405.0,186.49
8444c2dffffffff,32.743716,-81.877153,278405.0,165.51
8444c31ffffffff,33.901899,-82.917347,278405.0,139.84
8444c33ffffffff,34.273247,-83.120428,278405.0,132.71
8444c35ffffffff,33.856635,-82.466542,278405.0,180.96
8444c37ffffffff,34.227701,-82.666801,278405.0,169.87
8444c39ffffffff,33.574115,-83.167106,278405.0,118.01
8444c3bffffffff,33.94575,-83.371059,278405.0,99.16
8444c3dffffffff,33.530542,-82.716201,278405.0,160.0
8444c41ffffffff,31.834647,-83.504406,278405.0,71.52
8444c43ffffffff,32.206821,-83.70705,278405.0,112.02
8444c45ffffffff,31.796752,-83.05878,278405.0,37.63
8444c47ffffffff,32.168608,-83.258705,278405.0,82.94
8444c49ffffffff,31.498853,-83.749325,278405.0,84.85
8444c4bffffffff,31.871179,-83.952787,278405.0,111.56
8444c4dffffffff,31.462635,-83.303648,278405.0,42.88
8444c51ffffffff,32.616194,-84.365453,278405.0,49.38
8444c53ffffffff,32.98879,-84.5747,278405.0,60.28
8444c55ffffffff,32.57911,-83.911603,278405.0,90.83
8444c57ffffffff,32.951469,-84.118085,278405.0,86.32
8444c59ffffffff,32.279039,-84.611993,278405.0,35.76
8444c5bffffffff,32.651825,-84.822037,278405.0,16.59
8444c5dffffffff,32.243642,-84.158156,278405.0,73.73
8444c61ffffffff,32.088127,-82.370413,278405.0,79.21
8444c63ffffffff,32.459451,-82.566763,278405.0,109.38
8444c65ffffffff,32.045921,-81.93052,278405.0,105.95
8444c67ffffffff,32.416866,-82.124149,278405.0,122.45
8444c69ffffffff,31.757524,-82.615939,278405.0,35.9
8444c6bffffffff,32.129033,-82.81315,278405.0,69.33
8444c6dffffffff,31.716993,-82.175909,278405.0,68.38
8448e81ffffffff,32.246501,-111.293169,163529.0,165.08
8448e83ffffffff,32.585028,-111.621534,163529.0,118.1
8448e85ffffffff,32.315731,-110.776848,163529.0,157.96
8448e87ffffffff,32.65559,-111.104131,163529.0,137.13
8448e89ffffffff,31.83645,-111.480822,163529.0,191.34
8448e8bffffffff,32.175204,-111.808477,163529.0,157.54
8448e8dffffffff,31.906422,-110.966568,163529.0,148.14
8448e91ffffffff,32.847945,-112.468982,163529.0,87.94
8448e93ffffffff,33.181835,-112.801816,163529.0,79.14
8448e95ffffffff,32.921955,-111.951657,163529.0,73.43
8448e97ffffffff,33.257233,-112.283529,163529.0,39.39
8448e99ffffffff,32.437682,-112.653047,163529.0,136.67
8448e9bffffffff,32.77186,-112.985097,163529.0,121.95
8448e9dffffffff,32.512385,-112.137866,163529.0,117.93
8448ea1ffffffff,32.790388,-110.066436,163529.0,166.6
8448ea3ffffffff,33.131323,-110.393226,163529.0,164.98
8448ea5ffffffff,32.854588,-109.546311,163529.0,166.17
8448ea7ffffffff,33.196826,-109.871873,163529.0,206.6
8448ea9ffffffff,32.382876,-110.259595,163529.0,132.5
8448eabffffffff,32.724049,-110.585738,163529.0,168.78
8448eadffffffff,32.447917,-109.741492,163529.0,122.44
8448eb1ffffffff,33.401674,-111.243467,163529.0,80.69
8448eb3ffffffff,33.738027,-111.575039,163529.0,51.04
8448eb5ffffffff,33.470674,-110.721856,163529.0,127.25
8448eb7ffffffff,33.808392,-111.052318,163529.0,99.46
8448eb9ffffffff,32.993869,-111.433201,163529.0,88.62
8448ebbffffffff,33.330519,-111.764052,163529.0,40.4
8448ebdffffffff,33.063665,-110.913697,163529.0,122.99
8448ec1ffffffff,31.085037,-111.341882,163529.0,174.1
8448ec3ffffffff,31.42549,-111.667101,163529.0,202.08
8448ec5ffffffff,31.154422,-110.830746,163529.0,124.86
8448ec7ffffffff,31.496173,-111.154909,163529.0,154.03
8448ec9ffffffff,30.673067,-111.527498,163529.0,204.28
8448ecbffffffff,31.013673,-111.852018,163529.0,223.33
8448ecdffffffff,30.743139,-111.018391,163529.0,156.71
8448ed1ffffffff,31.690437,-112.506144,163529.0,212.85
8448ed3ffffffff,32.026495,-112.835734,163529.0,185.5
8448ed5ffffffff,31.764448,-111.99404,163529.0,201.21
8448ed7ffffffff,32.101862,-112.322691,163529.0,164.94
8448ed9ffffffff,31.278162,-112.688236,163529.0,261.21
8448edbffffffff,31.614437,-113.017056,163529.0,234.4
8448eddffffffff,31.352813,-112.178236,163529.0,246.93
8448ee1ffffffff,31.631477,-110.12767,163529.0,63.41
8448ee3ffffffff,31.974344,-110.451359,163529.0,110.06
8448ee5ffffffff,31.696061,-109.612783,163529.0,37.99
8448ee7ffffffff,32.040197,-109.935275,163529.0,84.38
8448ee9ffffffff,31.22181,-110.318687,163529.0,75.63
8448eebffffffff,31.564842,-110.641739,163529.0,107.0
8448eedffffffff,31.287182,-109.805787,163529.0,26.57
8449901ffffffff,20.047426,-97.693553,559177.0,165.43
8449903ffffffff,20.410383,-97.946507,559177.0,164.91
8449905ffffffff,20.07711,-97.234086,559177.0,211.25
8449907ffffffff,20.440308,-97.485137,559177.0,205.47
8449909ffffffff,19.654302,-97.900928,559177.0,131.46
844990bffffffff,20.016479,-98.153976,559177.0,121.29
844990dffffffff,19.685006,-97.442385,559177.0,179.37
8449911ffffffff,20.742318,-98.665428,559177.0,153.54
8449913ffffffff,21.105879,-98.92385,559177.0,162.87
8449915ffffffff,20.773826,-98.201255,559177.0,178.02
8449917ffffffff,21.137706,-98.457807,559177.0,202.19
8449919ffffffff,20.346659,-98.871978,559177.0,105.17
844991bffffffff,20.709489,-99.130446,559177.0,131.88
844991dffffffff,20.379167,-98.408806,559177.0,129.61
8449929ffffffff,20.105534,-96.775631,559177.0,257.78
844992bffffffff,20.468946,-97.024755,559177.0,248.66
8449931ffffffff,21.197329,-97.528411,559177.0,257.84
8449933ffffffff,21.5622,-97.782962,559177.0,275.35
8449937ffffffff,21.590265,-97.31778,559177.0,305.4
8449939ffffffff,20.804017,-97.737986,559177.0,210.84
844993bffffffff,21.168188,-97.992641,559177.0,226.64
844993dffffffff,20.832894,-97.275679,559177.0,248.65
8449941ffffffff,18.900203,-97.855896,559177.0,146.68
8449943ffffffff,19.260987,-98.107265,559177.0,109.34
8449945ffffffff,18.931681,-97.400146,559177.0,190.37
8449947ffffffff,19.292686,-97.649655,559177.0,156.43
8449949ffffffff,18.507607,-98.061112,559177.0,152.66
844994bffffffff,18.867534,-98.312566,559177.0,106.72
844994dffffffff,18.540053,-97.60628,559177.0,188.8
8449951ffffffff,19.58917,-98.820732,559177.0,37.06
8449953ffffffff,19.950781,-99.077461,559177.0,57.84
8449955ffffffff,19.622357,-98.360396,559177.0,83.68
8449957ffffffff,19.984264,-98.615298,559177.0,81.81
8449959ffffffff,19.193937,-99.025112,559177.0,28.94
844995bffffffff,19.554739,-99.281879,559177.0,20.61
844995dffffffff,19.228071,-98.56577,559177.0,63.77
8449961ffffffff,19.352447,-96.737338,559177.0,251.46
8449963ffffffff,19.714474,-96.984823,559177.0,227.25
8449965ffffffff,19.380515,-96.28274,559177.0,299.01
8449967ffffffff,19.742708,-96.528296,559177.0,275.06
8449969ffffffff,18.961972,-96.945369,559177.0,235.66
844996bffffffff,19.323172,-97.192994,559177.0,203.9
844996dffffffff,18.991078,-96.49162,559177.0,281.7
8458991ffffffff,5.31627,5.251263,201465.0,242.25
8458993ffffffff,5.195564,5.622346,201465.0,284.45
8458997ffffffff,4.961771,5.364399,201465.0,274.91
8458999ffffffff,5.672286,5.137506,201465.0,212.52
845899bffffffff,5.551753,5.509517,201465.0,255.6
84589c9ffffffff,6.505856,3.538136,201465.0,17.93
84589cbffffffff,6.38766,3.908309,201465.0,58.41
84589cdffffffff,6.267287,3.287559,201465.0,23.44
84589d1ffffffff,6.149616,4.650832,201465.0,144.06
84589d3ffffffff,6.029795,5.023124,201465.0,187.24
84589d9ffffffff,6.508355,4.534901,201465.0,127.28
84589dbffffffff,6.388774,4.908111,201465.0,168.56
84589ddffffffff,6.268909,4.279217,201465.0,101.06
8458d01ffffffff,6.131433,8.734322,107141.0,592.42
8458d03ffffffff,6.006386,9.116617,107141.0,635.62
8458d05ffffffff,5.890988,8.459361,107141.0,564.56
8458d07ffffffff,5.766335,8.840247,107141.0,608.08
8458d09ffffffff,6.498147,8.627776,107141.0,579.37
8458d0bffffffff,6.373147,9.011147,107141.0,621.85
8458d0dffffffff,6.256036,8.352374,107141.0,549.49
8458d11ffffffff,6.121812,9.778832,107141.0,707.75
8458d13ffffffff,5.995511,10.163076,107141.0,751.08
8458d15ffffffff,5.880914,9.499226,107141.0,679.04
8458d17ffffffff,5.755032,9.882115,107141.0,722.64
8458d19ffffffff,6.49025,9.674933,107141.0,695.06
8458d1bffffffff,6.363942,10.060292,107141.0,737.78
8458d1dffffffff,6.247696,9.394844,107141.0,664.66
8458d21ffffffff,5.290071,8.293054,107141.0,558.21
8458d23ffffffff,5.16577,8.671479,107141.0,602.21
8458d25ffffffff,5.053887,8.022219,107141.0,536.25
8458d27ffffffff,4.929954,8.399235,107141.0,580.22
8458d29ffffffff,5.651829,8.186258,107141.0,538.45
8458d2bffffffff,5.527559,8.565728,107141.0,582.22
8458d2dffffffff,5.41397,7.915007,107141.0,514.3
8458d31ffffffff,5.277801,9.325707,107141.0,670.11
8458d33ffffffff,5.152347,9.706151,107141.0,714.2
8458d35ffffffff,5.041081,9.050251,107141.0,646.28
8458d37ffffffff,4.916021,9.429337,107141.0,690.41
8458d39ffffffff,5.641264,9.221469,107141.0,651.78
8458d3bffffffff,5.51579,9.602993,107141.0,695.61
8458d3dffffffff,5.402877,8.945555,107141.0,626.11
8458d41ffffffff,6.990896,8.136522,107141.0,528.18
8458d43ffffffff,6.866455,8.520603,107141.0,569.14
8458d45ffffffff,6.74673,7.862143,107141.0,495.7
8458d47ffffffff,6.62268,8.244763,107141.0,537.29
8458d49ffffffff,7.360659,8.027648,107141.0,522.38
8458d4bffffffff,7.236333,8.4128,107141.0,561.93
8458d4dffffffff,7.114829,7.752846,107141.0,487.92
8458d51ffffffff,6.986148,9.184218,107141.0,643.22
8458d53ffffffff,6.860323,9.570415,107141.0,684.73
8458d55ffffffff,6.741523,8.905055,107141.0,610.66
8458d57ffffffff,6.616116,9.289843,107141.0,652.66
8458d59ffffffff,7.35777,9.077965,107141.0,636.49
8458d5bffffffff,7.232006,9.465271,107141.0,676.9
8458d5dffffffff,7.111491,8.798335,107141.0,602.26
8458d61ffffffff,6.138974,7.69873,107141.0,478.16
8458d63ffffffff,6.015207,8.078844,107141.0,521.24
8458d65ffffffff,5.899073,7.428524,107141.0,451.36
8458d67ffffffff,5.775673,7.80718,107141.0,494.82
8458d69ffffffff,6.503852,7.589655,107141.0,464.68
8458d6bffffffff,6.380181,7.970808,107141.0,506.89
8458d6dffffffff,6.262275,7.319051,107141.0,435.38
8466e01ffffffff,4.076638,-74.309671,112835.0,75.3
8466e03ffffffff,3.730822,-74.061468,112835.0,109.01
8466e05ffffffff,4.050484,-74.730632,112835.0,103.56
8466e07ffffffff,3.704303,-74.482251,112835.0,120.83
8466e09ffffffff,4.447346,-74.137671,112835.0,30.21
8466e0bffffffff,4.102503,-73.889829,112835.0,70.63
8466e0dffffffff,4.421841,-74.557702,112835.0,62.69
8466e11ffffffff,3.41108,-73.393684,112835.0,162.97
8466e13ffffffff,3.064587,-73.145398,112835.0,209.98
8466e15ffffffff,3.384434,-73.8131,112835.0,150.29
8466e17ffffffff,3.037518,-73.564578,112835.0,194.43
8466e19ffffffff,3.783036,-73.223378,112835.0,139.67
8466e1bffffffff,3.437467,-72.975479,112835.0,186.69
8466e1dffffffff,3.757067,-73.64183,112835.0,116.32
8466e21ffffffff,3.650454,-75.327088,112835.0,182.42
8466e23ffffffff,3.302959,-75.078218,112835.0,192.27
8466e25ffffffff,3.62313,-75.751058,112835.0,222.04
8466e27ffffffff,3.275298,-75.502075,112835.0,225.04
8466e29ffffffff,4.024043,-75.152671,112835.0,142.08
8466e2bffffffff,3.677513,-74.904138,112835.0,147.38
8466e2dffffffff,3.997316,-75.575745,112835.0,184.63
8466e31ffffffff,2.982659,-74.406492,112835.0,195.74
8466e33ffffffff,2.634421,-74.157397,112835.0,231.11
8466e35ffffffff,2.954873,-74.829144,112835.0,212.57
8466e37ffffffff,2.606241,-74.579876,112835.0,240.73
8466e39ffffffff,3.35753,-74.233689,112835.0,151.57
8466e3bffffffff,3.010208,-73.984956,112835.0,189.38
8466e3dffffffff,3.330371,-74.655408,112835.0,166.6
8466e41ffffffff,5.159589,-74.213566,112835.0,52.27
8466e43ffffffff,4.816395,-73.966249,112835.0,16.58
8466e45ffffffff,5.13508,-74.632846,112835.0,77.98
8466e47ffffffff,4.791552,-74.385346,112835.0,35.84
8466e49ffffffff,5.525922,-74.042362,112835.0,90.66
8466e4bffffffff,5.183757,-73.795407,112835.0,60.85
8466e4dffffffff,5.502084,-74.460715,112835.0,97.91
8466e51ffffffff,4.497431,-73.301048,112835.0,88.71
8466e53ffffffff,4.153355,-73.053662,112835.0,128.83
8466e55ffffffff,4.472543,-73.718773,112835.0,47.31
8466e57ffffffff,4.128076,-73.471146,112835.0,92.97
8466e59ffffffff,4.865103,-73.131535,112835.0,105.63
8466e5bffffffff,4.522008,-72.884535,112835.0,133.3
8466e5dffffffff,4.840912,-73.548299,112835.0,59.82
8466e61ffffffff,4.740898,-75.226818,112835.0,127.99
8466e63ffffffff,4.39603,-74.978825,112835.0,106.43
8466e65ffffffff,4.71509,-75.649111,112835.0,174.75
8466e67ffffffff,4.369916,-75.400998,112835.0,152.1
8466e69ffffffff,5.110232,-75.053206,112835.0,117.39
8466e6bffffffff,4.766386,-74.80555,112835.0,81.5
8466e6dffffffff,5.085046,-75.474605,112835.0,160.84
8467481ffffffff,9.279159,-66.398119,44581.0,987.39
8467483ffffffff,8.9539,-66.161987,44581.0,992.42
8467485ffffffff,9.269875,-66.78476,44581.0,950.52
8467487ffffffff,8.944131,-66.548016,44581.0,954.62
8467489ffffffff,9.61217,-66.248814,44581.0,1020.54
846748bffffffff,9.28799,-66.013186,44581.0,1024.53
846748dffffffff,9.603816,-66.634365,44581.0,984.34
8467491ffffffff,8.637917,-65.542312,44581.0,1038.14
8467493ffffffff,8.312095,-65.307083,44581.0,1047.7
8467495ffffffff,8.628074,-65.925974,44581.0,999.4
8467497ffffffff,8.301718,-65.69009,44581.0,1008.29
8467499ffffffff,8.972117,-65.395127,44581.0,1068.52
846749bffffffff,8.647335,-65.160416,44581.0,1076.96
846749dffffffff,8.963227,-65.777683,44581.0,1030.4
84674a1ffffffff,8.923253,-67.325154,44581.0,879.79
84674a3ffffffff,8.595956,-67.087326,44581.0,884.02
84674a5ffffffff,8.912135,-67.716214,44581.0,842.88
84674a7ffffffff,8.584373,-67.477818,44581.0,846.02
84674a9ffffffff,9.260132,-67.173084,44581.0,913.97
84674abffffffff,8.933917,-66.935747,44581.0,917.06
84674adffffffff,9.249926,-67.563065,44581.0,877.81
84674b1ffffffff,8.27971,-66.461365,44581.0,929.65
84674b3ffffffff,7.95179,-66.224337,44581.0,939.08
84674b5ffffffff,8.268071,-66.849587,44581.0,890.49
84674b7ffffffff,7.939634,-66.611946,44581.0,899.15
84674b9ffffffff,8.617802,-66.311379,44581.0,960.77
84674bbffffffff,8.290924,-66.074859,44581.0,968.93
84674bdffffffff,8.607098,-66.698504,44581.0,922.29
84674c1ffffffff,10.265607,-66.335341,44581.0,1052.8
84674c3ffffffff,9.943152,-66.100097,44581.0,1054.0
84674c5ffffffff,10.258637,-66.720413,44581.0,1018.28
84674c7ffffffff,9.93573,-66.484559,44581.0,1018.46
84674c9ffffffff,10.593437,-66.18671,44581.0,1087.34
84674cbffffffff,10.272095,-65.951969,44581.0,1087.7
84674cdffffffff,10.587393,-66.570698,44581.0,1053.44
84674d1ffffffff,9.627496,-65.482872,44581.0,1093.73
84674d3ffffffff,9.304308,-65.248532,44581.0,1099.37
84674d5ffffffff,9.620061,-65.864975,44581.0,1057.02
84674d7ffffffff,9.296371,-65.629983,44581.0,1061.87
84674d9ffffffff,9.956592,-65.33635,44581.0,1125.92
84674dbffffffff,9.63448,-65.102526,44581.0,1130.62
84674ddffffffff,9.950104,-65.717354,44581.0,1089.83
84674e1ffffffff,9.91946,-67.25854,44581.0,948.53
84674e3ffffffff,9.594996,-67.021604,44581.0,948.49
84674e5ffffffff,9.9106,-67.64801,44581.0,914.28
84674e7ffffffff,9.585705,-67.410508,44581.0,913.05
84674e9ffffffff,10.25118,-67.10716,44581.0,984.2
84674ebffffffff,9.927835,-66.870714,44581.0,983.28
84674edffffffff,10.24323,-67.495559,44581.0,950.63
8469403ffffffff,15.036738,120.034599,975192.0,112.57
846940bffffffff,15.409892,119.88243,975192.0,148.39
8469411ffffffff,15.336694,120.700682,975192.0,87.45
8469413ffffffff,15.298711,121.112442,975192.0,78.96
8469415ffffffff,14.999367,120.443279,975192.0,72.86
8469417ffffffff,14.961088,120.853721,975192.0,42.58
8469419ffffffff,15.71067,120.547717,975192.0,132.14
846941bffffffff,15.673905,120.959057,975192.0,119.5
846941dffffffff,15.373752,120.290668,975192.0,113.67
8469433ffffffff,14.245803,120.74873,975192.0,46.04
8469437ffffffff,13.907704,120.491594,975192.0,92.7
8469439ffffffff,14.661969,120.186851,975192.0,85.35
846943bffffffff,14.623374,120.595967,975192.0,41.13
8469451ffffffff,16.117581,119.985687,975192.0,199.84
8469453ffffffff,16.082987,120.394828,975192.0,176.65
8469457ffffffff,15.7465,120.138137,975192.0,156.46
846945bffffffff,16.453617,120.242018,975192.0,220.97
847a681ffffffff,-1.435098,35.393499,235405.0,159.13
847a683ffffffff,-1.276336,34.988996,235405.0,203.24
847a685ffffffff,-1.173116,35.726853,235405.0,121.87
847a687ffffffff,-1.014612,35.323088,235405.0,168.83
847a689ffffffff,-1.856768,35.464135,235405.0,163.22
847a68bffffffff,-1.697876,35.058993,235405.0,200.72
847a68dffffffff,-1.593725,35.797895,235405.0,118.35
847a691ffffffff,-1.379699,34.248529,235405.0,285.73
847a693ffffffff,-1.220467,33.843288,235405.0,330.69
847a695ffffffff,-1.117464,34.584427,235405.0,248.93
847a697ffffffff,-0.958509,34.179832,235405.0,295.46
847a69dffffffff,-1.538845,34.653777,235405.0,242.12
847a6a1ffffffff,-0.493659,35.987823,235405.0,127.57
847a6a3ffffffff,-0.335546,35.585443,235405.0,173.01
847a6a5ffffffff,-0.234494,36.318434,235405.0,129.45
847a6a7ffffffff,-0.076613,35.916831,235405.0,167.68
847a6a9ffffffff,-0.911964,36.059039,235405.0,94.01
847a6abffffffff,-0.753709,35.656036,235405.0,142.03
847a6adffffffff,-0.651675,36.39004,235405.0,85.07
847a6b1ffffffff,-0.436923,34.849674,235405.0,238.27
847a6b3ffffffff,-0.278444,34.446395,235405.0,286.43
847a6b5ffffffff,-0.177362,35.182937,235405.0,219.6
847a6b7ffffffff,-0.019133,34.780347,235405.0,266.73
847a6b9ffffffff,-0.856004,34.919224,235405.0,216.37
847a6bbffffffff,-0.697316,34.5153,235405.0,264.17
847a6bdffffffff,-0.595353,35.252901,235405.0,190.14
847a6c5ffffffff,-2.174028,36.274035,235405.0,115.7
847a6c7ffffffff,-2.015494,35.869162,235405.0,132.95
847a6e1ffffffff,-1.489705,36.533925,235405.0,38.76
847a6e3ffffffff,-1.331489,36.130479,235405.0,76.5
847a6e5ffffffff,-1.228069,36.86449,235405.0,8.35
847a6e7ffffffff,-1.070093,36.46187,235405.0,46.25
847a6e9ffffffff,-1.910469,36.606206,235405.0,73.25
847a6ebffffffff,-1.752191,36.202144,235405.0,85.77
847a6edffffffff,-1.647738,36.937152,235405.0,42.33
8482d81ffffffff,4.475785,6.848383,101419.0,442.11
8482d83ffffffff,4.597903,6.476577,101419.0,399.72
8482d85ffffffff,4.708319,7.112297,101419.0,456.0
8482d87ffffffff,4.830763,6.739026,101419.0,412.83
8482d8bffffffff,4.236098,6.539534,101419.0,427.67
8482d8dffffffff,4.34502,7.175198,101419.0,480.79
8482d91ffffffff,4.487816,5.846149,101419.0,349.44
8482d95ffffffff,4.719617,6.105291,101419.0,357.65
8482d97ffffffff,4.840911,5.734555,101419.0,316.0
8482d9dffffffff,4.366413,6.215948,101419.0,390.12
8482da1ffffffff,5.300547,7.269416,101419.0,448.51
8482da3ffffffff,5.423244,6.893694,101419.0,404.75
8482da5ffffffff,5.537448,7.537372,101419.0,470.49
8482da7ffffffff,5.660492,7.160181,101419.0,426.78
8482da9ffffffff,4.942202,7.378034,101419.0,472.83
8482dabffffffff,5.064982,7.003303,101419.0,429.19
8482dadffffffff,5.177423,7.645602,101419.0,492.35
8482db1ffffffff,5.309267,6.255322,101419.0,342.18
8482db3ffffffff,5.430742,5.882132,101419.0,298.83
8482db5ffffffff,5.545499,6.518467,101419.0,361.06
8482db7ffffffff,5.667296,6.143766,101419.0,317.46
8482db9ffffffff,4.952795,6.366258,101419.0,369.82
8482dbbffffffff,5.0744,5.994021,101419.0,327.01
8482dbdffffffff,5.187342,6.629056,101419.0,385.64
8482de1ffffffff,4.454258,7.816043,101419.0,538.64
8482de3ffffffff,4.585478,7.486038,101419.0,499.31
8482de5ffffffff,4.695445,8.128818,101419.0,560.34
8482de7ffffffff,4.819018,7.753216,101419.0,516.55
848e601ffffffff,-11.895001,-75.733786,67022.0,142.99
848e603ffffffff,-12.252196,-75.472643,67022.0,171.44
848e605ffffffff,-11.940564,-76.17947,67022.0,94.26
848e607ffffffff,-12.298503,-75.918231,67022.0,124.51
848e609ffffffff,-11.491548,-75.549964,67022.0,173.82
848e60bffffffff,-11.848836,-75.28918,67022.0,191.63
848e60dffffffff,-11.536971,-75.994678,67022.0,127.54
848e611ffffffff,-12.560805,-74.766925,67022.0,252.88
848e613ffffffff,-12.915394,-74.505475,67022.0,290.87
848e615ffffffff,-12.608507,-75.211258,67022.0,207.54
848e617ffffffff,-12.963889,-74.949644,67022.0,247.93
848e619ffffffff,-12.157742,-74.584842,67022.0,266.88
848e61bffffffff,-12.512485,-74.323781,67022.0,299.1
848e61dffffffff,-12.205271,-75.028163,67022.0,219.03
848e621ffffffff,-12.389217,-76.812536,67022.0,44.02
848e623ffffffff,-12.747769,-76.550906,67022.0,92.96
848e629ffffffff,-11.985513,-76.626181,67022.0,45.49
848e62bffffffff,-12.344181,-76.36488,67022.0,79.64
848e62dffffffff,-12.029836,-77.073869,67022.0,5.19
848e631ffffffff,-13.058927,-75.841451,67022.0,170.85
848e633ffffffff,-13.414911,-75.579344,67022.0,218.42
848e635ffffffff,-13.105443,-76.288989,67022.0,141.82
848e637ffffffff,-13.462193,-76.026794,67022.0,190.59
848e639ffffffff,-12.655577,-75.656733,67022.0,163.95
848e63bffffffff,-13.011738,-75.394986,67022.0,207.33
848e63dffffffff,-12.702002,-76.103299,67022.0,124.06
848e641ffffffff,-10.730065,-75.626951,67022.0,213.33
848e643ffffffff,-11.088196,-75.366765,67022.0,211.66
848e645ffffffff,-10.774601,-76.070793,67022.0,177.57
848e647ffffffff,-11.133454,-75.810505,67022.0,168.75
848e649ffffffff,-10.326857,-75.444016,67022.0,259.52
848e64bffffffff,-10.684998,-75.18419,67022.0,253.36
848e64dffffffff,-10.371206,-75.886891,67022.0,225.86
848e651ffffffff,-11.398991,-74.66387,67022.0,268.67
848e653ffffffff,-11.75475,-74.403396,67022.0,288.6
848e655ffffffff,-11.445551,-75.106345,67022.0,221.06
848e657ffffffff,-11.802082,-74.8457,67022.0,240.17
848e659ffffffff,-10.996052,-74.482673,67022.0,302.45
848e65bffffffff,-11.351883,-74.222588,67022.0,316.44
848e65dffffffff,-11.042391,-74.924138,67022.0,256.53
848e661ffffffff,-11.222281,-76.701126,67022.0,100.09
848e663ffffffff,-11.581808,-76.440438,67022.0,83.96
848e665ffffffff,-11.265827,-77.147907,67022.0,89.12
848e667ffffffff,-11.626046,-76.887194,67022.0,50.95
848e669ffffffff,-10.818594,-76.515667,67022.0,149.29
848e66bffffffff,-11.178153,-76.255308,67022.0,129.9
848e66dffffffff,-10.862033,-76.961523,67022.0,133.46
84a2301ffffffff,-19.351597,46.815031,241568.0,89.3
84a2303ffffffff,-19.469044,47.22317,241568.0,69.78
84a2305ffffffff,-19.64403,46.495561,241568.0,135.41
84a2307ffffffff,-19.761651,46.905413,241568.0,114.87
84a2309ffffffff,-18.940552,46.724895,241568.0,84.23
84a230bffffffff,-19.059284,47.132625,241568.0,44.47
84a230dffffffff,-19.232694,46.4056,241568.0,122.99
84a2311ffffffff,-19.292419,47.944104,241568.0,61.22
84a2313ffffffff,-19.406819,48.347785,241568.0,102.57
84a2315ffffffff,-19.585032,47.629981,241568.0,75.86
84a2317ffffffff,-19.699559,48.035431,241568.0,102.85
84a2319ffffffff,-18.884283,47.853018,241568.0,34.63
84a231bffffffff,-19.000002,48.256325,241568.0,77.56
84a231dffffffff,-19.176574,47.539039,241568.0,29.68
84a2321ffffffff,-20.347099,46.264246,241568.0,207.29
84a2323ffffffff,-20.463613,46.676228,241568.0,194.27
84a2325ffffffff,-20.639852,45.940844,241568.0,253.92
84a2327ffffffff,-20.756575,46.354525,241568.0,239.06
84a2329ffffffff,-19.93654,46.174219,241568.0,181.92
84a232bffffffff,-20.054351,46.58577,241568.0,160.89
84a232dffffffff,-20.229081,45.851008,241568.0,228.63
84a2331ffffffff,-20.285504,47.404995,241568.0,153.46
84a2333ffffffff,-20.398843,47.812596,241568.0,168.27
84a2335ffffffff,-20.578621,47.086917,241568.0,191.12
84a2337ffffffff,-20.692123,47.496276,241568.0,198.19
84a2339ffffffff,-19.877797,47.31396,241568.0,109.87
84a233bffffffff,-19.992468,47.721167,241568.0,122.11
84a233dffffffff,-20.170673,46.996041,241568.0,150.74
84a2341ffffffff,-18.407138,46.226419,241568.0,147.79
84a2343ffffffff,-18.528559,46.635006,241568.0,102.88
84a2345ffffffff,-18.698776,45.905633,241568.0,172.06
84a2347ffffffff,-18.820382,46.315886,241568.0,127.61
84a2349ffffffff,-17.993005,46.137199,241568.0,178.39
84a234bffffffff,-18.115659,46.545361,241568.0,135.91
84a234dffffffff,-18.284301,45.816601,241568.0,193.02
84a2351ffffffff,-18.356757,47.357883,241568.0,63.99
84a2353ffffffff,-18.475192,47.762174,241568.0,54.42
84a2355ffffffff,-18.648559,47.042324,241568.0,58.54
84a2357ffffffff,-18.767135,47.44834,241568.0,17.82
84a2359ffffffff,-17.945482,47.267669,241568.0,110.63
84a235bffffffff,-18.065188,47.67157,241568.0,95.2
84a235dffffffff,-18.236911,46.952268,241568.0,96.16
84a2361ffffffff,-19.404378,45.672089,241568.0,202.24
84a2363ffffffff,-19.524939,46.084441,241568.0,165.99
84a2365ffffffff,-19.696463,45.34742,241568.0,244.68
84a2367ffffffff,-19.817243,45.761423,241568.0,210.72
84a2369ffffffff,-18.99053,45.583005,241568.0,204.43
84a236bffffffff,-19.112337,45.994912,241568.0,162.42
84a236dffffffff,-19.282354,45.258542,241568.0,241.72
84a8101ffffffff,-23.709493,-46.633485,700165.0,17.69
84a8103ffffffff,-23.394899,-46.92397,700165.0,34.27
84a8105ffffffff,-23.654647,-46.181625,700165.0,47.52
84a8107ffffffff,-23.340517,-46.472663,700165.0,28.55
84a8109ffffffff,-24.076499,-46.794426,700165.0,60.74
84a810bffffffff,-23.762927,-47.084868,700165.0,51.65
84a810dffffffff,-24.022597,-46.342478,700165.0,60.3
84a8111ffffffff,-23.131402,-47.664108,700165.0,115.04
84a8113ffffffff,-22.81352,-47.952879,700165.0,157.77
84a8115ffffffff,-23.078849,-47.21392,700165.0,79.1
84a8117ffffffff,-22.761379,-47.503322,700165.0,124.89
84a8119ffffffff,-23.499466,-47.824996,700165.0,121.57
84a811bffffffff,-23.182569,-48.113694,700165.0,156.49
84a811dffffffff,-23.447883,-47.374766,700165.0,76.4
84a8121ffffffff,-23.227568,-45.568734,700165.0,114.48
84a8123ffffffff,-22.912897,-45.8603,700165.0,106.17
84a8125ffffffff,-23.169009,-45.116224,700165.0,160.62
84a8127ffffffff,-22.854826,-45.408258,700165.0,147.22
84a8129ffffffff,-23.598391,-45.729344,700165.0,92.34
84a812bffffffff,-23.284739,-46.020899,700165.0,69.17
84a812dffffffff,-23.540729,-45.276698,700165.0,138.35
84a8131ffffffff,-22.652991,-46.60252,700165.0,99.84
84a8133ffffffff,-22.334966,-46.892559,700165.0,137.72
84a8135ffffffff,-22.59675,-46.151384,700165.0,116.97
84a8137ffffffff,-22.279161,-46.441972,700165.0,142.72
84a8139ffffffff,-23.024912,-46.763187,700165.0,59.91
84a813bffffffff,-22.707869,-47.053184,700165.0,103.03
84a813dffffffff,-22.969594,-46.311962,700165.0,72.47
84a8143ffffffff,-24.441512,-46.955484,700165.0,104.33
84a8151ffffffff,-24.180014,-47.696777,700165.0,128.77
84a8153ffffffff,-23.865548,-47.985984,700165.0,142.05
84a8155ffffffff,-24.128972,-47.245878,700165.0,89.52
84a8157ffffffff,-23.814945,-47.53572,700165.0,96.43
84a8159ffffffff,-24.543068,-47.857937,700165.0,166.23
84a815bffffffff,-24.229625,-48.14707,700165.0,171.38
84a815dffffffff,-24.493013,-47.406997,700165.0,130.96
84a8167ffffffff,-23.910517,-45.437313,700165.0,128.22
84b2c01ffffffff,-33.92714,-71.488524,67460.0,94.76
84b2c03ffffffff,-34.199793,-71.208904,67460.0,99.25
84b2c05ffffffff,-34.001151,-71.957027,67460.0,136.13
84b2c07ffffffff,-34.274912,-71.676955,67460.0,132.89
84b2c09ffffffff,-33.577659,-71.300864,67460.0,62.28
84b2c0bffffffff,-33.851515,-71.021796,67460.0,57.47
84b2c0dffffffff,-33.652179,-71.768058,67460.0,106.28
84b2c11ffffffff,-34.392295,-70.463485,67460.0,107.6
84b2c13ffffffff,-34.659212,-70.184269,67460.0,142.51
84b2c15ffffffff,-34.470133,-70.929213,67460.0,117.7
84b2c17ffffffff,-34.738155,-70.649463,67460.0,144.66
84b2c19ffffffff,-34.044743,-70.278289,67460.0,75.82
84b2c1bffffffff,-34.312873,-69.999655,67460.0,114.42
84b2c1dffffffff,-34.123061,-70.742665,67460.0,76.74
84b2c2bffffffff,-34.348392,-72.146765,67460.0,171.28
84b2c31ffffffff,-34.89119,-71.585447,67460.0,183.13
84b2c33ffffffff,-35.159109,-71.304646,67460.0,200.67
84b2c35ffffffff,-34.96523,-72.056134,67460.0,213.48
84b2c37ffffffff,-35.234262,-71.774884,67460.0,224.91
84b2c39ffffffff,-34.54636,-71.396788,67460.0,141.22
84b2c3bffffffff,-34.81549,-71.116539,67460.0,159.15
84b2c3dffffffff,-34.62095,-71.866158,67460.0,172.84
84b2c41ffffffff,-32.949141,-71.392421,67460.0,87.81
84b2c43ffffffff,-33.226494,-71.113975,67460.0,49.01
84b2c47ffffffff,-33.3015,-71.579856,67460.0,87.6
84b2c49ffffffff,-32.595127,-71.205753,67460.0,106.99
84b2c4bffffffff,-32.873671,-70.927857,67460.0,67.77
84b2c51ffffffff,-33.423875,-70.371904,67460.0,25.9
84b2c53ffffffff,-33.695523,-70.093874,67460.0,59.04
84b2c55ffffffff,-33.501549,-70.835463,67460.0,18.58
84b2c57ffffffff,-33.7743,-70.556896,67460.0,38.48
84b2c59ffffffff,-33.07181,-70.187688,67460.0,59.19
84b2c5bffffffff,-33.344662,-69.910238,67460.0,69.5
84b2c5dffffffff,-33.149922,-70.649903,67460.0,31.94
84bb501ffffffff,-36.841143,174.792055,117717.0,2.54
84bb503ffffffff,-36.498347,174.487959,117717.0,46.19
84bb505ffffffff,-36.789219,175.298134,117717.0,47.9
84bb509ffffffff,-37.234178,174.588382,117717.0,45.6
84bb50bffffffff,-36.891128,174.283126,117717.0,43.14
84bb50dffffffff,-37.182228,175.098048,117717.0,47.37
84bb515ffffffff,-36.153882,174.185759,117717.0,93.06
84bb517ffffffff,-35.807795,173.885454,117717.0,140.08
84bb529ffffffff,-36.735394,175.801309,117717.0,93.12
84bb52bffffffff,-36.396509,175.495862,117717.0,82.37
84bb533ffffffff,-35.369866,174.590544,117717.0,165.24
84bb539ffffffff,-36.105854,174.690398,117717.0,82.93
84bb53bffffffff,-35.761693,174.38933,117717.0,125.53
84bb541ffffffff,-37.96894,174.690646,117717.0,124.68
84bb545ffffffff,-37.915009,175.204674,117717.0,124.71
84bb547ffffffff,-37.575486,174.895564,117717.0,81.58
84bb549ffffffff,-38.362538,174.483254,117717.0,170.1
84bb54dffffffff,-38.308636,175.000975,117717.0,163.61
84bb561ffffffff,-37.465688,175.913336,117717.0,122.68
84bb563ffffffff,-37.128337,175.604802,117717.0,80.76
84bb569ffffffff,-37.859093,175.715722,117717.0,140.24
84bb56bffffffff,-37.521559,175.405937,117717.0,93.86
84bb56dffffffff,-37.801233,176.223735,117717.0,166.84
84bc891ffffffff,-26.442499,32.758285,71545.0,61.37
84bc893ffffffff,-26.294589,32.307453,71545.0,50.0
84bc897ffffffff,-26.02511,32.68454,71545.0,16.31
84bc899ffffffff,-26.858368,32.832301,71545.0,107.92
84bc89bffffffff,-26.711389,32.38062,71545.0,90.65
84bc8b3ffffffff,-25.334871,32.986372,71545.0,76.52
84bc8b5ffffffff,-25.208753,33.808417,71545.0,146.44
84bc8b7ffffffff,-25.062225,33.36045,71545.0,123.25
84bc8d3ffffffff,-27.27268,32.90659,71545.0,154.46
84be081ffffffff,-34.040605,150.428577,231304.0,73.73
84be083ffffffff,-33.981767,149.896319,231304.0,120.96
84be085ffffffff,-33.686003,150.754125,231304.0,45.85
84be087ffffffff,-33.628708,150.223597,231304.0,94.07
84be089ffffffff,-34.452333,150.635646,231304.0,83.29
84be08bffffffff,-34.394193,150.100439,231304.0,116.97
84be08dffffffff,-34.097194,150.962013,231304.0,33.74
84be091ffffffff,-34.271121,149.033841,231304.0,204.53
84be093ffffffff,-34.206236,148.502625,231304.0,251.39
84be095ffffffff,-33.9207,149.365325,231304.0,169.44
84be097ffffffff,-33.857428,148.835682,231304.0,218.31
84be099ffffffff,-34.684692,149.234056,231304.0,202.24
84be09bffffffff,-34.62041,148.699809,231304.0,244.61
84be09dffffffff,-34.333781,149.566474,231304.0,159.12
84be0a1ffffffff,-32.919701,150.870489,231304.0,109.65
84be0a3ffffffff,-32.863243,150.344563,231304.0,136.97
84be0a5ffffffff,-32.563872,151.190123,231304.0,144.87
84be0a7ffffffff,-32.508893,150.665932,231304.0,158.95
84be0a9ffffffff,-33.330446,151.077093,231304.0,60.71
84be0abffffffff,-33.274666,150.548317,231304.0,89.33
84be0adffffffff,-32.973995,151.397489,231304.0,100.94
84be0b1ffffffff,-33.156572,149.49426,231304.0,176.76
84be0b3ffffffff,-33.0943,148.969148,231304.0,224.01
84be0b5ffffffff,-32.804643,149.819795,231304.0,174.31
84be0b7ffffffff,-32.74392,149.296269,231304.0,216.53
84be0b9ffffffff,-33.569207,149.694268,231304.0,143.14
84be0bbffffffff,-33.50752,149.166225,231304.0,192.36
84be0bdffffffff,-33.216701,150.020678,231304.0,131.03
84be0c3ffffffff,-34.863833,150.84483,231304.0,115.53
84be0d1ffffffff,-35.159412,149.975031,231304.0,182.37
84be0d3ffffffff,-35.098081,149.436354,231304.0,211.84
84be0d5ffffffff,-34.806426,150.306655,231304.0,132.84
84be0d7ffffffff,-34.746705,149.769701,231304.0,163.81
84be0d9ffffffff,-35.571844,150.182492,231304.0,211.18
84be0dbffffffff,-35.511232,149.640763,231304.0,231.86
84be0ddffffffff,-35.218407,150.514995,231304.0,162.87
84be0e3ffffffff,-33.741069,151.285767,231304.0,15.94
84be0e7ffffffff,-33.38402,151.606917,231304.0,65.36
84be605ffffffff,-38.536417,145.957941,118015.0,118.37
84be607ffffffff,-38.455027,145.405811,118015.0,81.1
84be60dffffffff,-38.952253,146.151125,118015.0,163.51
84be613ffffffff,-38.941626,143.573642,118015.0,174.31
84be617ffffffff,-38.614242,143.942228,118015.0,125.97
84be621ffffffff,-37.78347,146.125387,118015.0,102.18
84be623ffffffff,-37.703413,145.578001,118015.0,55.44
84be625ffffffff,-37.445139,146.481243,118015.0,139.85
84be627ffffffff,-37.366934,145.93518,118015.0,99.04
84be629ffffffff,-38.199622,146.317715,118015.0,126.18
84be62bffffffff,-38.120118,145.76691,118015.0,78.24
84be62dffffffff,-37.861112,146.674828,118015.0,150.41
84be631ffffffff,-37.953864,144.67179,118015.0,29.91
84be633ffffffff,-37.867188,144.127647,118015.0,73.6
84be635ffffffff,-37.620977,145.032759,118015.0,22.34
84be637ffffffff,-37.536196,144.489744,118015.0,51.88
84be639ffffffff,-38.371199,144.855894,118015.0,62.64
84be63bffffffff,-38.28497,144.308279,118015.0,77.64
84be63dffffffff,-38.038187,145.218239,118015.0,33.48
84be661ffffffff,-38.691741,147.068479,118015.0,208.12
84be663ffffffff,-38.615333,146.512194,118015.0,162.02
84be665ffffffff,-38.351214,147.425363,118015.0,223.62
84be667ffffffff,-38.276666,146.870563,118015.0,174.77
84c2e01ffffffff,-35.345887,-58.482054,465038.0,81.1
84c2e03ffffffff,-35.124159,-58.739887,465038.0,62.71
84c2e05ffffffff,-35.350963,-58.052264,465038.0,88.35
84c2e07ffffffff,-35.069158,-58.322782,465038.0,51.33
84c2e09ffffffff,-35.681678,-58.629622,465038.0,119.61
84c2e0bffffffff,-35.461208,-58.888248,465038.0,102.38
84c2e0dffffffff,-35.626585,-58.21189,465038.0,114.09
84c2e11ffffffff,-35.013793,-59.40683,465038.0,98.79
84c2e13ffffffff,-34.78683,-59.666768,465038.0,113.87
84c2e15ffffffff,-34.900275,-58.998171,465038.0,60.04
84c2e17ffffffff,-34.674229,-59.256896,465038.0,75.15
84c2e19ffffffff,-35.352084,-59.557528,465038.0,130.65
84c2e1bffffffff,-35.126379,-59.818248,465038.0,138.02
84c2e1dffffffff,-35.238582,-59.14732,465038.0,94.6
84c2e21ffffffff,-35.075589,-57.460625,465038.0,99.08
84c2e23ffffffff,-34.793078,-57.732833,465038.0,62.92
84c2e29ffffffff,-35.354529,-57.62071,465038.0,108.51
84c2e2bffffffff,-35.07313,-57.892578,465038.0,68.67
84c2e2dffffffff,-35.356565,-57.187429,465038.0,137.27
84c2e31ffffffff,-34.505812,-58.433303,465038.0,11.87
84c2e33ffffffff,-34.219939,-58.702147,465038.0,50.39
84c2e37ffffffff,-34.223544,-58.274254,465038.0,43.39
84c2e39ffffffff,-34.785859,-58.592285,465038.0,23.43
84c2e3bffffffff,-34.56072,-58.849781,465038.0,38.19
84c2e3dffffffff,-34.790217,-58.163444,465038.0,28.77
84c2e41ffffffff,-36.233259,-58.518983,465038.0,179.82
84c2e43ffffffff,-36.016194,-58.77795,465038.0,158.56
84c2e45ffffffff,-36.178074,-58.100627,465038.0,176.22
84c2e47ffffffff,-35.900002,-58.371452,465038.0,142.75
84c2e49ffffffff,-36.565221,-58.667278,465038.0,217.57
84c2e4bffffffff,-36.349415,-58.927043,465038.0,197.61
84c2e4dffffffff,-36.448189,-58.260479,465038.0,204.21
84c2e51ffffffff,-35.911355,-59.447911,465038.0,170.6
84c2e53ffffffff,-35.689081,-59.708994,465038.0,165.97
84c2e55ffffffff,-35.796983,-59.03737,465038.0,142.01
84c2e57ffffffff,-35.575616,-59.297232,465038.0,132.13
84c2e59ffffffff,-36.245775,-59.59936,465038.0,209.4
84c2e5bffffffff,-36.02476,-59.861232,465038.0,202.86
84c2e5dffffffff,-36.131463,-59.187257,465038.0,181.53
84c2e61ffffffff,-35.910002,-57.508215,465038.0,165.49
84c2e63ffffffff,-35.631252,-57.78074,465038.0,126.66
84c2e67ffffffff,-35.634392,-57.347847,465038.0,148.24
84c2e69ffffffff,-36.183404,-57.66853,465038.0,187.17
84c2e6bffffffff,-35.905764,-57.940713,465038.0,150.21
84c2e6dffffffff,-36.187193,-57.234696,465038.0,204.47
