h3Index,lat,lon,parent_data_points
82002ffffffffff,79.649682,22.599927,0.0
820127fffffffff,70.683933,24.354967,0.0
820137fffffffff,70.309462,32.28929,0.0
820157fffffffff,77.272426,17.017122,0.0
82015ffffffffff,79.313332,7.432123,0.0
820207fffffffff,79.220986,-107.429202,0.0
82020ffffffffff,77.083685,-98.752497,0.0
82021ffffffffff,76.430322,-111.153562,0.0
82022ffffffffff,79.63126,-91.747247,0.0
820247fffffffff,74.396576,-81.177911,0.0
82024ffffffffff,71.558013,-78.060813,0.0
820257fffffffff,74.662902,-92.427968,0.0
82025ffffffffff,72.039305,-87.719205,0.0
820267fffffffff,76.464055,-72.69055,0.0
820277fffffffff,77.104476,-85.48851,0.0
82028ffffffffff,72.360893,-122.445505,0.0
82029ffffffffff,70.865562,-129.817452,0.0
8202affffffffff,75.262149,-121.800796,0.0
8202c7fffffffff,71.546615,-106.888579,0.0
8202cffffffffff,69.271608,-101.340143,0.0
8202d7fffffffff,70.656362,-115.427371,0.0
8202dffffffffff,68.666048,-109.411189,0.0
8202e7fffffffff,74.366715,-103.500736,0.0
8202effffffffff,72.028523,-97.511455,0.0
8202f7fffffffff,73.565391,-113.64716,0.0
820347fffffffff,80.918789,-62.402619,0.0
820357fffffffff,81.889789,-80.840578,0.0
82035ffffffffff,79.245445,-75.81536,0.0
820447fffffffff,75.427229,177.819029,0.0
82045ffffffffff,72.342479,177.537009,0.0
820467fffffffff,78.520454,178.250116,0.0
82054ffffffffff,81.603602,178.99078,0.0
820747fffffffff,64.50541,-18.18008,0.0
82075ffffffffff,64.68897,-24.147191,9.0
820777fffffffff,66.668909,-14.09033,0.0
820807fffffffff,64.7,10.536199,0.0
820817fffffffff,62.768891,11.927741,0.0
82081ffffffffff,64.635295,15.271851,0.0
82082ffffffffff,66.623403,12.088078,0.0
820837fffffffff,63.452797,6.880273,0.0
820887fffffffff,60.191218,18.25853,2714.0
82088ffffffffff,61.965452,21.820056,0.0
82089ffffffffff,59.456967,23.22313,500.0
8208a7fffffffff,60.722811,13.207957,0.0
8208affffffffff,62.31848,17.199441,0.0
8208b7fffffffff,58.560335,14.388555,0.0
8208c7fffffffff,66.469659,23.789852,0.0
8208cffffffffff,68.478878,28.104457,0.0
8208d7fffffffff,63.987887,25.269327,0.0
8208dffffffffff,65.961468,29.346889,0.0
8208e7fffffffff,66.763651,18.326764,0.0
8208effffffffff,68.702285,21.002563,0.0
8208f7fffffffff,64.404827,20.204288,0.0
82095ffffffffff,68.628976,14.004246,0.0
820987fffffffff,59.604145,4.836943,0.0
82098ffffffffff,61.052963,8.148478,0.0
82099ffffffffff,58.975663,9.519747,11883.0
820c07fffffffff,64.41806,-158.917485,0.0
820c0ffffffffff,62.23663,-155.455085,0.0
820c17fffffffff,63.833794,-165.424352,0.0
820c1ffffffffff,61.808224,-161.427805,0.0
820c27fffffffff,67.022391,-155.82338,0.0
820c2ffffffffff,64.701548,-152.323225,0.0
820c37fffffffff,66.57913,-163.126395,0.0
820c47fffffffff,60.148814,-147.147137,0.0
820c57fffffffff,60.070275,-152.57643,0.0
820c67fffffffff,62.315122,-143.643524,0.0
820c6ffffffffff,60.011493,-141.865515,0.0
820c77fffffffff,62.401713,-149.484713,5264.0
820caffffffffff,61.11663,-167.275743,0.0
820cc7fffffffff,57.304816,-160.251608,0.0
820cdffffffffff,54.884488,-162.11638,0.0
820ce7fffffffff,59.762304,-158.059787,0.0
820ceffffffffff,57.727913,-155.201411,0.0
820cf7fffffffff,59.220044,-163.497905,0.0
820d0ffffffffff,69.585315,-151.941289,0.0
820d1ffffffffff,69.325989,-160.209095,0.0
820d47fffffffff,66.899686,-141.423154,0.0
820d4ffffffffff,64.408618,-139.547294,0.0
820d57fffffffff,67.123127,-148.511958,0.0
820d5ffffffffff,64.691216,-145.813429,0.0
820d67fffffffff,68.978063,-136.149533,0.0
820d6ffffffffff,66.387792,-134.748454,0.0
820d77fffffffff,69.457202,-143.820834,0.0
820d8ffffffffff,65.795792,-170.191536,0.0
820e07fffffffff,60.432795,-77.207057,0.0
820e0ffffffffff,57.410645,-75.677764,0.0
820e27fffffffff,62.572547,-72.434181,0.0
820e2ffffffffff,59.503679,-71.246227,0.0
820e37fffffffff,63.43384,-79.048932,0.0
820e47fffffffff,53.386654,-69.427201,0.0
820e4ffffffffff,50.377492,-68.716097,0.0
820e57fffffffff,54.390787,-74.389424,0.0
820e5ffffffffff,51.394563,-73.290294,0.0
820e67fffffffff,55.247282,-65.185734,0.0
820e6ffffffffff,52.201761,-64.768182,0.0
820e77fffffffff,56.434956,-70.259451,0.0
820e87fffffffff,58.80825,-93.173997,0.0
820e8ffffffffff,56.071396,-90.487408,0.0
820e97fffffffff,58.73277,-99.039367,0.0
820e9ffffffffff,56.146418,-95.966791,0.0
820eb7fffffffff,61.472152,-96.305133,0.0
820ec7fffffffff,52.869702,-83.076818,0.0
820ecffffffffff,49.995546,-81.412423,0.0
820ed7fffffffff,53.292146,-88.166606,0.0
820edffffffffff,50.497891,-86.147914,0.0
820ee7fffffffff,55.185978,-79.604451,0.0
820eeffffffffff,52.23236,-78.095214,0.0
820ef7fffffffff,55.750464,-85.000283,0.0
820f07fffffffff,67.584113,-67.890634,0.0
820f0ffffffffff,64.514373,-66.991131,170.0
820f17fffffffff,68.6233,-75.714592,0.0
820f1ffffffffff,65.620007,-73.890398,0.0
820f2ffffffffff,66.207373,-60.846341,0.0
820f37fffffffff,70.611972,-69.043095,0.0
820f4ffffffffff,56.942147,-60.560954,0.0
820f57fffffffff,61.42214,-66.269868,0.0
820f5ffffffffff,58.32678,-65.678817,0.0
820f87fffffffff,66.784189,-89.025352,0.0
820f8ffffffffff,63.971863,-85.973445,0.0
820f97fffffffff,66.796701,-96.783519,0.0
820f9ffffffffff,64.169278,-93.019131,0.0
820fa7fffffffff,69.267606,-84.121999,0.0
820faffffffffff,66.388222,-81.30484,0.0
820fb7fffffffff,69.48363,-92.79226,0.0
821097fffffffff,49.771798,48.472652,0.0
82109ffffffffff,51.001718,52.690804,0.0
821107fffffffff,60.706011,31.280796,0.0
821127fffffffff,61.432681,26.534523,0.0
82112ffffffffff,63.367089,30.391228,0.0
821137fffffffff,58.815321,27.627842,0.0
821197fffffffff,51.270296,37.139781,0.0
8211b7fffffffff,52.440533,33.300002,0.0
821207fffffffff,59.004804,-119.290684,0.0
82120ffffffffff,57.089306,-115.179993,0.0
821217fffffffff,57.912871,-123.966074,0.0
82121ffffffffff,56.175092,-119.850155,0.0
821227fffffffff,61.883442,-118.617736,0.0
82122ffffffffff,59.947995,-114.146733,0.0
821237fffffffff,60.74474,-123.779459,0.0
821247fffffffff,55.601731,-106.520456,0.0
82124ffffffffff,53.252522,-103.297238,0.0
821257fffffffff,55.025011,-111.438662,0.0
82125ffffffffff,52.839617,-108.046859,0.0
821267fffffffff,58.402545,-104.721599,0.0
82126ffffffffff,55.983899,-101.340222,0.0
821277fffffffff,57.843755,-110.124402,0.0
821287fffffffff,54.007524,-128.00411,0.0
82128ffffffffff,52.427505,-124.255425,0.0
821297fffffffff,52.816591,-131.515359,0.0
82129ffffffffff,51.371828,-127.85323,0.0
8212a7fffffffff,56.711703,-128.180192,0.0
8212affffffffff,55.136783,-124.122466,0.0
8212b7fffffffff,55.436237,-131.95891,0.0
8212c7fffffffff,51.543143,-116.786808,0.0
8212cffffffffff,49.566135,-113.51282,127282.0
8212d7fffffffff,50.712304,-120.726642,0.0
8212dffffffffff,48.880254,-117.423357,0.0
8212e7fffffffff,54.283186,-116.047869,0.0
8212effffffffff,52.261147,-112.554426,0.0
8212f7fffffffff,53.407262,-120.322536,0.0
821307fffffffff,66.524177,-123.272152,0.0
82130ffffffffff,64.796205,-117.79315,0.0
821317fffffffff,65.129099,-128.943813,0.0
82131ffffffffff,63.619804,-123.552928,0.0
821327fffffffff,69.443016,-122.915014,0.0
82132ffffffffff,67.726576,-116.759656,0.0
821337fffffffff,67.994292,-129.32593,0.0
821347fffffffff,63.574282,-106.652647,0.0
82134ffffffffff,61.220415,-102.574906,0.0
821357fffffffff,62.84325,-112.896751,0.0
82135ffffffffff,60.700326,-108.555342,0.0
821367fffffffff,66.441213,-104.30316,0.0
82136ffffffffff,64.029109,-99.976904,0.0
821377fffffffff,65.756457,-111.355547,0.0
821387fffffffff,60.841222,-133.094176,0.0
82138ffffffffff,59.474517,-128.38836,0.0
821397fffffffff,59.332075,-136.985997,0.0
82139ffffffffff,58.114695,-132.478158,0.0
8213a7fffffffff,63.603511,-133.836605,0.0
8213affffffffff,62.284566,-128.638257,0.0
8213b7fffffffff,61.998633,-138.04261,0.0
821587fffffffff,50.873925,117.682126,0.0
821597fffffffff,48.42049,117.454783,0.0
8215b7fffffffff,49.820822,113.897761,0.0
82166ffffffffff,56.275005,-178.671747,0.0
821827fffffffff,54.851488,-8.959985,0.0
82182ffffffffff,52.274404,-6.975835,125061.0
821847fffffffff,46.928046,-3.564659,0.0
82184ffffffffff,44.193743,-2.092844,0.0
821867fffffffff,49.035216,-1.023126,16.0
82186ffffffffff,46.320954,0.358942,0.0
821877fffffffff,49.627484,-5.185398,0.0
82190ffffffffff,56.882037,-6.143071,0.0
82192ffffffffff,58.760877,-3.147846,0.0
821947fffffffff,53.652814,0.214259,0.0
82194ffffffffff,51.007441,1.63377,611177.0
821957fffffffff,54.331897,-4.249993,0.0
82195ffffffffff,51.710983,-2.552053,23.0
82196ffffffffff,52.83905,4.401874,10005.0
821977fffffffff,56.2421,-1.370384,0.0
821aa7fffffffff,47.883144,-52.807027,3777.0
821ab7fffffffff,46.518956,-56.673595,0.0
821b87fffffffff,52.38052,-56.204456,0.0
821b97fffffffff,50.867893,-60.44106,0.0
821b9ffffffffff,49.417811,-56.455623,0.0
821bb7fffffffff,53.883311,-60.496218,0.0
821d27fffffffff,56.700514,-136.096711,0.0
821e07fffffffff,48.75835,18.303044,73442.0
821e0ffffffffff,47.85598,22.443629,0.0
821e17fffffffff,46.845486,15.061696,9583.0
821e1ffffffffff,46.036838,19.117469,708.0
821e27fffffffff,51.37673,17.429573,0.0
821e2ffffffffff,50.541533,21.728992,0.0
821e37fffffffff,49.495206,14.1023,12293.0
821e47fffffffff,48.375417,29.986162,0.0
821e4ffffffffff,47.070065,33.872833,0.0
821e57fffffffff,46.7953,26.483433,0.0
821e5ffffffffff,45.588076,30.387721,0.0
821e67fffffffff,51.068829,29.55378,24533.0
821e6ffffffffff,49.802946,33.597258,0.0
821e77fffffffff,49.537547,25.927724,0.0
821e87fffffffff,42.050791,12.975217,94674.0
821e8ffffffffff,41.25581,16.80128,0.0
821e97fffffffff,39.921543,10.165326,0.0
821e9ffffffffff,39.196323,13.883694,0.0
821ea7fffffffff,44.820491,12.009475,0.0
821eaffffffffff,44.095774,15.959579,0.0
821eb7fffffffff,42.702654,9.146117,0.0
821ec7fffffffff,42.201003,23.730228,107128.0
821ecffffffffff,41.046542,27.483295,0.0
821ed7fffffffff,40.320811,20.590527,75.0
821edffffffffff,39.253001,24.311093,41355.0
821ee7fffffffff,45.072615,23.109129,0.0
821eeffffffffff,43.961441,27.000697,796.0
821ef7fffffffff,43.220716,19.878339,6.0
821f07fffffffff,54.466925,11.974482,514.0
821f0ffffffffff,53.885692,16.490846,0.0
821f17fffffffff,52.523324,8.716219,6.0
821f1ffffffffff,52.03746,13.075442,652732.0
821f27fffffffff,56.780223,10.792008,0.0
821f2ffffffffff,56.281021,15.479832,0.0
821f37fffffffff,54.867213,7.466287,0.0
821f47fffffffff,54.716272,24.682976,316.0
821f57fffffffff,53.121993,20.959815,20697.0
821f5ffffffffff,52.179893,25.329235,0.0
821f67fffffffff,57.142683,23.983175,498.0
821f6ffffffffff,56.147813,28.581424,0.0
821f77fffffffff,55.592243,20.129919,0.0
821f87fffffffff,47.984658,6.917933,2814.0
821f8ffffffffff,47.494537,10.981478,0.0
821f97fffffffff,45.818112,4.163966,0.0
821f9ffffffffff,45.393601,8.065292,323622.0
821fa7fffffffff,50.468291,5.698712,29382.0
821faffffffffff,50.064295,9.885739,0.0
821fb7fffffffff,48.320927,2.911185,206769.0
822007fffffffff,46.041894,71.527903,0.0
82200ffffffffff,46.389201,76.014373,0.0
822017fffffffff,43.134396,69.92518,0.0
82201ffffffffff,43.549074,74.180633,0.0
822027fffffffff,48.467599,68.627955,0.0
82202ffffffffff,48.924508,73.308012,0.0
822037fffffffff,45.521599,67.111269,0.0
822047fffffffff,49.257801,82.765934,0.0
82204ffffffffff,49.137543,87.416729,0.0
822057fffffffff,46.558717,80.516694,0.0
82205ffffffffff,46.55199,84.979734,0.0
822067fffffffff,51.924107,80.28995,0.0
82206ffffffffff,51.877835,85.242359,0.0
822077fffffffff,49.18856,78.041984,0.0
8220a7fffffffff,40.223916,68.476758,0.0
8220c7fffffffff,41.192959,80.702521,0.0
8220e7fffffffff,43.80351,78.470805,0.0
8220effffffffff,43.896282,82.747964,0.0
822107fffffffff,50.025026,60.764474,0.0
82210ffffffffff,50.799626,65.461624,0.0
822117fffffffff,47.017928,59.659826,0.0
82211ffffffffff,47.826943,64.061497,0.0
822127fffffffff,52.091411,57.213443,0.0
82212ffffffffff,53.011553,62.012601,0.0
822137fffffffff,49.07939,56.28498,0.0
822147fffffffff,54.244503,72.235128,0.0
82214ffffffffff,54.524472,77.513367,0.0
822157fffffffff,51.382609,70.325622,6.0
82215ffffffffff,51.759636,75.292603,0.0
822167fffffffff,56.615014,68.835326,0.0
822177fffffffff,53.736045,67.041543,0.0
82218ffffffffff,42.566324,65.74991,0.0
8221a7fffffffff,44.010122,58.675959,0.0
8221affffffffff,44.839084,62.813545,0.0
8221b7fffffffff,41.020788,57.794586,0.0
822407fffffffff,44.985902,101.500692,0.0
82240ffffffffff,44.296958,105.137716,0.0
822417fffffffff,42.800158,98.860118,0.0
82241ffffffffff,42.229422,102.476483,0.0
822427fffffffff,47.783481,100.405685,0.0
82242ffffffffff,47.068512,104.294176,0.0
822437fffffffff,45.575555,97.643973,0.0
822447fffffffff,45.377947,111.314975,0.0
82244ffffffffff,44.444272,114.448891,0.0
822457fffffffff,43.528881,108.546536,0.0
82245ffffffffff,42.700695,111.726102,0.0
822467fffffffff,48.104103,110.853978,0.0
82246ffffffffff,47.111468,114.189452,0.0
822477fffffffff,46.259372,107.931581,0.0
8224e7fffffffff,41.574733,105.89056,0.0
822507fffffffff,51.199621,94.736739,0.0
82250ffffffffff,50.606321,99.169163,0.0
822517fffffffff,48.839687,91.936931,0.0
82251ffffffffff,48.381409,96.278636,0.0
822537fffffffff,51.630738,90.078485,0.0
822547fffffffff,51.836899,106.456102,0.0
822557fffffffff,49.875611,103.342943,0.0
82255ffffffffff,49.0332,107.239805,663.0
822577fffffffff,52.702875,102.262627,0.0
822587fffffffff,43.617927,91.079591,0.0
82258ffffffffff,43.268858,95.054234,0.0
8225a7fffffffff,46.376655,89.351182,0.0
8225affffffffff,46.045571,93.585019,0.0
822607fffffffff,43.422815,-97.424659,0.0
82260ffffffffff,40.976086,-95.32848,0.0
822617fffffffff,43.364067,-101.411916,0.0
82261ffffffffff,40.96992,-99.181767,0.0
822627fffffffff,45.846544,-95.520007,17.0
82262ffffffffff,43.342981,-93.43879,0.0
822637fffffffff,45.828051,-99.695913,0.0
822647fffffffff,38.313667,-89.737557,0.0
82264ffffffffff,35.729611,-88.028913,39.0
822657fffffffff,38.460991,-93.358457,4014.0
82265ffffffffff,35.894607,-91.507791,0.0
822667fffffffff,40.567747,-87.746012,544890.0
82266ffffffffff,38.064363,-86.237767,144.0
822677fffffffff,40.857953,-91.562022,147.0
822687fffffffff,40.560174,-107.015014,0.0
82268ffffffffff,38.200356,-104.687888,179947.0
822697fffffffff,40.15371,-110.922698,167130.0
82269ffffffffff,37.863444,-108.515457,0.0
8226a7fffffffff,43.163757,-105.434892,0.0
8226affffffffff,40.832427,-103.089154,7.0
8226b7fffffffff,42.820354,-109.45426,11.0
8226c7fffffffff,35.91523,-98.755732,0.0
8226cffffffffff,33.36367,-96.761442,295879.0
8226d7fffffffff,35.756503,-102.472479,0.0
8226dffffffffff,33.245943,-100.367086,0.0
8226e7fffffffff,38.496006,-97.076629,0.0
8226effffffffff,35.959293,-95.0915,42110.0
8226f7fffffffff,38.410759,-100.863705,0.0
822707fffffffff,50.910567,-95.714867,40769.0
82270ffffffffff,48.313343,-93.371792,0.0
822717fffffffff,50.825526,-100.41488,0.0
82271ffffffffff,48.348381,-97.834511,0.0
822727fffffffff,53.493525,-93.28644,0.0
82272ffffffffff,50.803345,-90.937468,0.0
822737fffffffff,53.476581,-98.355395,0.0
822747fffffffff,45.413382,-87.037108,12.0
82274ffffffffff,42.757173,-85.407515,0.0
822757fffffffff,45.709686,-91.285242,76496.0
82275ffffffffff,43.121507,-89.419997,0.0
822767fffffffff,47.71296,-84.380103,0.0
82276ffffffffff,44.958625,-82.82196,95.0
822777fffffffff,48.102192,-88.868605,7.0
822787fffffffff,47.926406,-106.435915,0.0
82278ffffffffff,45.66291,-103.771173,0.0
822797fffffffff,47.498765,-110.491629,61.0
82279ffffffffff,45.390062,-107.902428,15947.0
8227a7fffffffff,50.560742,-104.978435,32854.0
8227affffffffff,48.215131,-102.204513,0.0
8227b7fffffffff,50.133901,-109.356598,0.0
822807fffffffff,40.131717,-124.76073,0.0
822817fffffffff,40.980162,-121.113641,0.0
82281ffffffffff,42.874491,-123.748579,0.0
822837fffffffff,38.193209,-122.196197,313761.0
822887fffffffff,44.400306,-116.036346,95.0
82288ffffffffff,46.33521,-118.733416,0.0
822897fffffffff,44.967409,-112.004445,0.0
82289ffffffffff,46.990234,-114.662529,0.0
8228a7fffffffff,41.719697,-117.328141,0.0
8228affffffffff,43.698313,-119.961358,0.0
8228b7fffffffff,42.336666,-113.430901,0.0
8228c7fffffffff,47.257314,-125.440371,0.0
8228d7fffffffff,48.134609,-121.51448,332296.0
8228dffffffffff,49.794336,-124.36985,95465.0
8228f7fffffffff,45.545838,-122.668565,0.0
822987fffffffff,36.823438,-116.046735,0.0
82298ffffffffff,38.960282,-118.543846,0.0
822997fffffffff,37.402442,-112.312509,0.0
82299ffffffffff,39.617628,-114.776561,0.0
8229a7fffffffff,33.969092,-117.246454,198163.0
8229affffffffff,36.13581,-119.688987,0.0
8229b7fffffffff,34.580911,-113.628332,0.0
822a17fffffffff,40.858416,-73.781928,169629.0
822a37fffffffff,42.727208,-70.791059,0.0
822a87fffffffff,39.611498,-80.207881,0.0
822a8ffffffffff,37.046037,-79.102947,96.0
822a97fffffffff,40.150751,-83.950432,28.0
822a9ffffffffff,37.60827,-82.641461,0.0
822aa7fffffffff,41.616525,-77.554392,62567.0
822aaffffffffff,38.957863,-76.548273,348687.0
822ab7fffffffff,42.253088,-81.440214,301.0
822ad7fffffffff,34.566075,-78.107333,0.0
822af7fffffffff,36.385723,-75.646999,0.0
822b07fffffffff,46.277882,-64.099593,307.0
822b0ffffffffff,43.427343,-63.827836,14515.0
822b17fffffffff,47.424293,-68.10166,0.0
822b1ffffffffff,44.54169,-67.565551,18894.0
822b27fffffffff,47.911251,-60.3935,0.0
822b2ffffffffff,45.026905,-60.352069,0.0
822b37fffffffff,49.206974,-64.410079,0.0
822b87fffffffff,46.422926,-75.658677,1683.0
822b8ffffffffff,43.602853,-74.662815,457.0
822b97fffffffff,47.149849,-79.960378,0.0
822b9ffffffffff,44.351525,-78.684037,262073.0
822ba7fffffffff,48.441129,-72.342201,0.0
822baffffffffff,45.547264,-71.516441,27825.0
822bb7fffffffff,49.304929,-76.792856,0.0
822c0ffffffffff,40.848163,47.490956,0.0
822c27fffffffff,41.256344,41.050988,0.0
822c2ffffffffff,42.538712,44.319917,216.0
822c47fffffffff,44.978797,51.498354,0.0
822c4ffffffffff,46.060776,55.462887,0.0
822c57fffffffff,41.992737,50.997771,0.0
822c5ffffffffff,43.054147,54.730163,0.0
822c67fffffffff,46.776536,48.107272,0.0
822c6ffffffffff,47.987559,52.058919,0.0
822ceffffffffff,40.077274,54.073192,0.0
822d2ffffffffff,44.249905,34.129004,0.0
822d47fffffffff,47.011126,40.981696,0.0
822d4ffffffffff,48.431864,44.570277,0.0
822d57fffffffff,44.104731,41.048927,0.0
822d67fffffffff,48.400105,37.433611,0.0
822d6ffffffffff,49.932594,40.906306,0.0
822d77fffffffff,45.639705,37.565102,0.0
822da7fffffffff,35.378142,34.799555,4244.0
822db7fffffffff,32.330896,34.995441,43.0
822e0ffffffffff,39.742201,140.167275,0.0
822e1ffffffffff,42.156162,142.132178,0.0
822e2ffffffffff,37.160865,141.659652,0.0
822e67fffffffff,34.983013,136.726443,0.0
822e6ffffffffff,35.084901,133.727191,0.0
822e77fffffffff,37.34599,138.371287,0.0
822eaffffffffff,44.570171,144.285665,0.0
822ef7fffffffff,44.685113,140.538302,0.0
822f5ffffffffff,34.798266,139.846033,59175.0
8230c7fffffffff,35.273118,127.680573,0.0
8230cffffffffff,35.113142,130.856892,0.0
8230dffffffffff,33.179515,128.824242,0.0
8230e7fffffffff,37.256065,126.535458,23.0
8230effffffffff,37.382278,129.281372,0.0
823127fffffffff,46.941058,120.762708,0.0
823137fffffffff,46.075871,117.25718,0.0
82315ffffffffff,39.582109,127.644351,0.0
823387fffffffff,34.054664,179.173555,0.0
82339ffffffffff,37.143853,178.945849,0.0
8233a7fffffffff,30.974065,179.384639,0.0
823827fffffffff,36.439148,-1.728125,0.0
82386ffffffffff,37.062181,11.12745,0.0
823907fffffffff,39.595073,-6.686136,0.0
82390ffffffffff,39.190455,-3.026195,255940.0
823917fffffffff,37.148231,-8.826951,0.0
82391ffffffffff,36.841143,-5.207945,0.0
823927fffffffff,42.343703,-8.295521,0.0
82392ffffffffff,41.94806,-4.441546,0.0
823947fffffffff,40.971342,2.820714,0.0
823957fffffffff,38.690749,0.473246,0.0
823967fffffffff,43.584727,1.612941,0.0
82396ffffffffff,43.212387,5.347917,0.0
823977fffffffff,41.442223,-0.752027,0.0
823c0ffffffffff,28.506879,89.302672,148.0
823c1ffffffffff,26.073806,87.508056,0.0
823c57fffffffff,28.424304,92.641341,0.0
823c5ffffffffff,28.25883,95.998925,0.0
823cc7fffffffff,23.439678,92.273842,0.0
823ccffffffffff,23.265371,95.572509,0.0
823cdffffffffff,20.780975,93.728459,0.0
823ce7fffffffff,26.018785,90.798069,0.0
823ceffffffffff,25.88758,94.118824,0.0
823cf7fffffffff,23.543943,88.995846,1483.0
823e6ffffffffff,29.265877,35.179575,0.0
823e87fffffffff,21.138796,18.358532,0.0
823e8ffffffffff,20.083077,21.46667,0.0
823e97fffffffff,19.145285,15.91236,0.0
823e9ffffffffff,18.138435,18.972222,0.0
823ea7fffffffff,24.171955,17.711809,0.0
823eb7fffffffff,22.1342,15.216255,0.0
823ec7fffffffff,20.851229,27.130771,0.0
823ecffffffffff,19.64878,30.124905,0.0
823ed7fffffffff,18.977029,24.523327,0.0
823edffffffffff,17.831706,27.512891,0.0
823eeffffffffff,22.690256,29.811182,0.0
823ef7fffffffff,22.01395,24.053562,0.0
823f27fffffffff,38.337609,17.59158,0.0
823f2ffffffffff,37.350194,21.258359,0.0
823f37fffffffff,36.270169,14.739432,7.0
823f67fffffffff,38.063395,27.934538,0.0
823f77fffffffff,36.242626,24.855404,0.0
82404ffffffffff,25.679645,97.448282,0.0
82405ffffffffff,28.010839,99.352486,0.0
824067fffffffff,22.710742,102.14496,0.0
82406ffffffffff,23.021586,98.870112,0.0
824387fffffffff,22.526912,56.280975,0.0
82438ffffffffff,23.142212,59.145154,54.0
824397fffffffff,20.121377,55.739477,0.0
82439ffffffffff,20.700804,58.484725,0.0
8243a7fffffffff,24.347786,53.985713,0.0
8243affffffffff,25.035695,56.866687,37.0
8243b7fffffffff,21.880806,53.522699,0.0
824417fffffffff,25.333379,-82.198895,566.0
82441ffffffffff,27.908964,-83.520203,0.0
824447fffffffff,30.769735,-91.458505,0.0
82444ffffffffff,33.377732,-93.220777,444.0
824457fffffffff,30.678918,-88.136517,0.0
82445ffffffffff,33.294639,-89.76948,0.0
82446ffffffffff,30.774742,-94.876334,0.0
8244a7fffffffff,25.147353,-79.361949,222293.0
8244affffffffff,27.694317,-80.563842,1597.0
8244c7fffffffff,32.872502,-83.213195,278405.0
8244cffffffffff,35.474591,-84.674721,0.0
8244d7fffffffff,32.554041,-80.136568,0.0
8244dffffffffff,35.140969,-81.460291,0.0
8244e7fffffffff,30.510587,-84.927681,0.0
8244effffffffff,33.122924,-86.428165,0.0
8244f7fffffffff,30.274031,-81.845338,18.0
82450ffffffffff,20.415182,-88.325153,6.0
824527fffffffff,15.364307,-88.408284,0.0
82452ffffffffff,17.829589,-89.849672,0.0
824537fffffffff,15.462343,-85.568912,0.0
824577fffffffff,20.350447,-91.372289,0.0
82459ffffffffff,22.645695,-78.233428,0.0
824797fffffffff,24.908625,179.763703,0.0
8247b7fffffffff,27.919782,179.58085,0.0
824807fffffffff,24.486527,-108.224634,37.0
82480ffffffffff,26.946629,-110.360847,0.0
824817fffffffff,24.860067,-104.812068,0.0
82481ffffffffff,27.36777,-106.883771,0.0
82482ffffffffff,24.036818,-111.614954,0.0
824837fffffffff,21.997542,-106.170872,0.0
824847fffffffff,28.792993,-116.05571,0.0
824857fffffffff,29.358902,-112.578281,0.0
82485ffffffffff,31.705258,-114.87464,6.0
824877fffffffff,26.442558,-113.799307,0.0
824887fffffffff,27.945084,-99.915168,0.0
82488ffffffffff,30.502533,-101.91231,0.0
824897fffffffff,28.099493,-96.474676,0.0
82489ffffffffff,30.687215,-98.368984,0.0
8248a7fffffffff,25.15414,-101.401315,0.0
8248affffffffff,27.70131,-103.393282,0.0
8248b7fffffffff,25.367705,-98.016358,0.0
8248c7fffffffff,32.686726,-107.662249,0.0
8248cffffffffff,35.087059,-109.94019,0.0
8248d7fffffffff,33.020613,-104.010386,0.0
8248dffffffffff,35.480263,-106.211183,0.0
8248e7fffffffff,29.836209,-109.04437,0.0
8248effffffffff,32.246501,-111.293169,163529.0
8248f7fffffffff,30.21862,-105.479934,0.0
824987fffffffff,19.804142,-100.933363,0.0
82498ffffffffff,22.332469,-102.828971,0.0
824997fffffffff,20.047426,-97.693553,559177.0
82499ffffffffff,22.596555,-99.502226,0.0
8249a7fffffffff,17.008891,-102.311051,0.0
8249affffffffff,19.498793,-104.199849,0.0
8249b7fffffffff,17.293389,-99.123463,0.0
824b67fffffffff,32.96573,132.00435,0.0
824b77fffffffff,30.974594,129.965557,0.0
824c8ffffffffff,20.060952,-71.907629,417.0
824c9ffffffffff,20.055072,-74.676117,0.0
824cc7fffffffff,17.989047,-67.58143,0.0
824cd7fffffffff,18.024089,-70.270772,9185.0
824cf7fffffffff,20.02497,-69.198013,0.0
82520ffffffffff,17.755138,46.083319,0.0
82521ffffffffff,16.24883,43.573617,9566.0
825247fffffffff,17.842674,50.819794,0.0
82524ffffffffff,16.520741,52.926109,0.0
825257fffffffff,16.440896,48.397448,0.0
82525ffffffffff,15.15864,50.584406,0.0
82526ffffffffff,19.179672,53.217169,0.0
825277fffffffff,19.200172,48.584264,0.0
825297fffffffff,11.452857,36.087642,0.0
8252b7fffffffff,14.275777,35.95606,0.0
8252c7fffffffff,12.272335,45.839789,24797.0
8252cffffffffff,11.108223,48.050369,0.0
8252e7fffffffff,14.980294,45.958505,0.0
8252effffffffff,13.740314,48.219697,0.0
8252f7fffffffff,13.468295,43.511691,0.0
82534ffffffffff,23.350473,51.327103,0.0
82536ffffffffff,26.150208,51.600942,3685.0
825387fffffffff,20.138928,35.671135,0.0
82538ffffffffff,18.838405,38.428585,0.0
825397fffffffff,18.419284,33.023654,0.0
82539ffffffffff,17.17523,35.817418,0.0
8253a7fffffffff,23.152658,35.516563,0.0
8253affffffffff,21.804309,38.353975,0.0
8253b7fffffffff,21.427293,32.796105,0.0
82541ffffffffff,14.278199,-14.920429,0.0
82544ffffffffff,10.067958,-6.808387,0.0
82545ffffffffff,9.981633,-9.480265,0.0
82546ffffffffff,12.251378,-5.236044,0.0
8254affffffffff,14.141545,-17.884907,45.0
8254cffffffffff,7.65899,-13.665055,556.0
8254effffffffff,9.871312,-12.212417,0.0
8254f7fffffffff,11.898925,-16.399108,0.0
825807fffffffff,14.130272,6.358783,0.0
82580ffffffffff,13.276272,9.208926,0.0
825817fffffffff,12.233967,4.417012,0.0
82581ffffffffff,11.400884,7.183922,0.0
825827fffffffff,16.906711,5.497906,0.0
82582ffffffffff,16.07997,8.406776,0.0
825837fffffffff,14.936018,3.539461,0.0
825847fffffffff,14.271977,14.275271,0.0
82584ffffffffff,13.302983,17.20432,0.0
825857fffffffff,12.378869,12.076128,0.0
82585ffffffffff,11.444085,14.946127,109.0
825867fffffffff,17.160635,13.571856,0.0
82586ffffffffff,16.19635,16.574284,0.0
825877fffffffff,15.199897,11.337625,0.0
825887fffffffff,7.828604,3.433559,0.0
82588ffffffffff,6.993475,6.069842,0.0
825897fffffffff,6.143475,1.701039,188.0
82589ffffffffff,5.321603,4.2577,201465.0
8258a7fffffffff,10.399269,2.577531,0.0
8258affffffffff,9.582706,5.259916,0.0
8258b7fffffffff,8.632283,0.835968,0.0
8258c7fffffffff,7.84917,10.711568,0.0
8258cffffffffff,6.942866,13.456751,0.0
8258d7fffffffff,6.131433,8.734322,107141.0
8258dffffffffff,5.247753,11.415791,0.0
8258e7fffffffff,10.528682,9.976549,0.0
8258effffffffff,9.622773,12.781859,0.0
8258f7fffffffff,8.731031,7.975182,0.0
82590ffffffffff,19.716188,4.599333,0.0
825947fffffffff,20.982116,9.753855,0.0
82594ffffffffff,20.095604,12.833683,0.0
825957fffffffff,18.926042,7.568053,0.0
82595ffffffffff,18.072627,10.564275,0.0
82596ffffffffff,23.060824,12.058373,0.0
825977fffffffff,21.799295,6.690582,0.0
825987fffffffff,13.766452,-0.991416,0.0
82598ffffffffff,13.023567,1.688133,688.0
825997fffffffff,11.912113,-2.646073,6.0
82599ffffffffff,11.176735,-0.06107,0.0
8259affffffffff,15.689931,0.763832,0.0
8259b7fffffffff,14.460527,-3.611601,0.0
825a97fffffffff,21.955975,179.934513,0.0
825ab7fffffffff,19.075378,-179.90557,0.0
825b87fffffffff,13.573833,-179.614505,0.0
825b9ffffffffff,16.278267,-179.755538,0.0
825ba7fffffffff,10.969016,-179.481687,0.0
825d17fffffffff,20.075938,-155.72825,0.0
825f07fffffffff,3.839858,-55.79466,0.0
825f0ffffffffff,6.058345,-57.601785,29.0
825f17fffffffff,4.392913,-52.872175,44.0
825f1ffffffffff,6.634578,-54.731031,0.0
825f27fffffffff,1.028442,-56.857146,0.0
825f2ffffffffff,3.289175,-58.650001,0.0
825f37fffffffff,1.555729,-53.946987,0.0
825f47fffffffff,7.59572,-62.101307,0.0
825f4ffffffffff,9.62597,-63.757134,0.0
825f57fffffffff,8.201315,-59.366206,0.0
825f5ffffffffff,10.261092,-61.086196,56.0
825f67fffffffff,4.907907,-63.111409,0.0
825f6ffffffffff,6.99173,-64.747993,0.0
825f77fffffffff,5.481219,-60.398559,0.0
826107fffffffff,5.466252,80.521649,0.0
826117fffffffff,8.005843,82.066454,0.0
82611ffffffffff,8.117907,79.133065,1262.0
8261affffffffff,10.674262,80.659176,0.0
826327fffffffff,18.363289,57.872668,0.0
826337fffffffff,17.821404,55.237456,0.0
826397fffffffff,9.980954,50.146014,0.0
8263b7fffffffff,12.535172,50.360064,0.0
826417fffffffff,12.472888,97.952328,0.0
826437fffffffff,9.649268,99.310051,0.0
826487fffffffff,17.816605,98.403631,0.0
82648ffffffffff,18.05631,95.160537,0.0
826497fffffffff,20.298108,100.263492,0.0
82649ffffffffff,20.570188,97.00114,0.0
8264a7fffffffff,15.020912,99.779058,0.0
8264affffffffff,15.281254,96.568851,14936.0
826507fffffffff,4.029569,101.9453,19894.0
82651ffffffffff,6.828795,100.641249,0.0
826527fffffffff,1.268765,103.221714,49.0
82658ffffffffff,12.200631,101.12666,0.0
826607fffffffff,8.982982,-74.833025,0.0
82660ffffffffff,6.63578,-73.117829,0.0
826617fffffffff,8.834809,-77.762253,0.0
82661ffffffffff,6.477793,-76.041739,266.0
826627fffffffff,11.395035,-73.651555,0.0
82662ffffffffff,9.106001,-71.954357,0.0
826647fffffffff,4.411665,-68.55106,0.0
82664ffffffffff,2.033292,-66.850953,0.0
826657fffffffff,4.251505,-71.396483,0.0
82665ffffffffff,1.844265,-69.672073,0.0
826667fffffffff,6.89231,-67.459881,0.0
82666ffffffffff,4.556937,-65.784558,0.0
826677fffffffff,6.773872,-70.253195,0.0
8266a7fffffffff,8.661516,-80.727745,542.0
8266b7fffffffff,8.463734,-83.714078,0.0
8266c7fffffffff,1.437909,-75.529864,0.0
8266cffffffffff,-1.03378,-73.771241,0.0
8266d7fffffffff,1.222912,-78.54016,2086.0
8266dffffffffff,-1.268765,-76.778286,0.0
8266e7fffffffff,4.076638,-74.309671,112835.0
8266effffffffff,1.645463,-72.569124,0.0
8266f7fffffffff,3.887611,-77.27754,0.0
826727fffffffff,18.02147,-73.026078,590.0
826747fffffffff,11.537128,-68.053748,0.0
82674ffffffffff,9.279159,-66.398119,44581.0
826757fffffffff,11.480279,-70.819179,0.0
82675ffffffffff,9.20439,-69.139046,0.0
82679ffffffffff,10.959516,-82.42453,0.0
8267b7fffffffff,15.522664,-82.825738,0.0
826807fffffffff,7.716675,117.194061,0.0
826817fffffffff,5.366056,115.488401,0.0
82681ffffffffff,5.006598,118.226178,0.0
82682ffffffffff,10.060463,118.91877,0.0
826847fffffffff,9.325524,124.681177,0.0
826857fffffffff,6.939406,122.830817,0.0
82685ffffffffff,6.506588,125.767189,0.0
826867fffffffff,12.094286,123.596016,0.0
826877fffffffff,9.710528,121.760007,0.0
826887fffffffff,0.346864,114.844146,0.0
8268a7fffffffff,2.979488,113.77347,0.0
8268affffffffff,2.714407,116.53131,0.0
8268b7fffffffff,0.571097,112.052285,0.0
826947fffffffff,15.073207,119.627712,975192.0
82694ffffffffff,14.798787,122.512482,0.0
82695ffffffffff,12.426083,120.692063,0.0
82696ffffffffff,17.426854,121.431346,0.0
82699ffffffffff,3.24594,110.924679,0.0
826a07fffffffff,7.480115,26.174641,0.0
826a0ffffffffff,6.454611,28.904982,0.0
826a17fffffffff,5.766086,23.822484,0.0
826a1ffffffffff,4.728815,26.551826,0.0
826a27fffffffff,10.231091,25.792666,0.0
826a2ffffffffff,9.181585,28.54528,0.0
826a37fffffffff,8.48875,23.431546,0.0
826a47fffffffff,7.087877,33.960758,0.0
826a4ffffffffff,6.020374,36.698605,0.0
826a57fffffffff,5.400756,31.660211,481.0
826a5ffffffffff,4.325935,34.427809,0.0
826a67fffffffff,9.797724,33.637631,0.0
826a77fffffffff,8.133895,31.224564,0.0
826a87fffffffff,1.180578,21.774719,0.0
826a8ffffffffff,0.082571,24.531211,0.0
826a97fffffffff,-0.617667,19.366898,0.0
826a9ffffffffff,-1.737412,22.104098,0.0
826aa7fffffffff,4.019553,21.453605,0.0
826aaffffffffff,2.966919,24.172446,0.0
826ab7fffffffff,2.252119,19.075982,0.0
826ac7fffffffff,0.787993,29.739067,0.0
826acffffffffff,-0.322383,32.561997,0.0
826ad7fffffffff,-1.0342,27.334212,0.0
826adffffffffff,-2.161187,30.171213,533.0
826ae7fffffffff,3.663806,29.317094,0.0
826aeffffffffff,2.578522,32.105923,0.0
826af7fffffffff,1.887209,26.938247,0.0
826b07fffffffff,14.142731,22.498997,0.0
826b0ffffffffff,13.071674,25.391145,0.0
826b17fffffffff,12.300736,20.109646,0.0
826b1ffffffffff,11.273792,22.97685,0.0
826b27fffffffff,17.083812,21.996242,0.0
826b2ffffffffff,15.99128,24.968582,0.0
826b37fffffffff,15.187456,19.555215,0.0
826b47fffffffff,13.734784,30.703384,0.0
826b4ffffffffff,12.592007,33.443536,0.0
826b57fffffffff,11.984093,28.218719,0.0
826b5ffffffffff,10.889697,30.970597,0.0
826b67fffffffff,16.65871,30.421875,0.0
826b6ffffffffff,15.469672,33.239155,4563.0
826b77fffffffff,14.871364,27.875041,0.0
826b87fffffffff,7.735769,18.37699,0.0
826b97fffffffff,6.018503,16.198166,0.0
826b9ffffffffff,5.038549,18.792423,0.0
826ba7fffffffff,10.47892,17.804575,0.0
826baffffffffff,9.491095,20.637468,0.0
826bb7fffffffff,8.689469,15.586463,0.0
826d07fffffffff,15.043645,-94.335297,0.0
826d17fffffffff,14.817086,-97.396958,0.0
826d27fffffffff,17.702593,-92.875706,0.0
826d2ffffffffff,15.225536,-91.334368,8240.0
826d37fffffffff,17.524452,-95.972346,0.0
826d67fffffffff,12.96614,-87.043478,432.0
826d6ffffffffff,10.754494,-85.39236,1854.0
826d77fffffffff,12.810542,-89.872226,405.0
827197fffffffff,5.75262,-179.393796,0.0
8271b7fffffffff,8.468608,-179.356386,0.0
827507fffffffff,7.699246,-3.274074,0.0
82750ffffffffff,5.316429,-2.372115,0.0
827527fffffffff,9.400816,-1.713371,0.0
82752ffffffffff,6.937179,-0.812321,0.0
827537fffffffff,10.13139,-4.20601,0.0
827587fffffffff,5.819574,-9.797897,141.0
82758ffffffffff,3.932005,-8.688657,0.0
8275a7fffffffff,7.920894,-8.328841,0.0
8275affffffffff,5.954034,-7.242233,0.0
8275b7fffffffff,7.799608,-10.970952,0.0
827687fffffffff,-6.458533,155.791634,0.0
827a0ffffffffff,1.057276,42.676662,0.0
827a1ffffffffff,2.768975,44.799278,13.0
827a47fffffffff,0.380212,37.70189,0.0
827a4ffffffffff,1.481132,34.905294,0.0
827a57fffffffff,2.145823,39.948695,0.0
827a5ffffffffff,3.238171,37.194919,0.0
827a67fffffffff,-2.541199,38.219785,0.0
827a6ffffffffff,-1.435098,35.393499,235405.0
827a77fffffffff,-0.715586,40.482473,0.0
827a87fffffffff,5.984999,48.822323,0.0
827a8ffffffffff,7.064429,46.282642,0.0
827a97fffffffff,7.481956,50.721153,0.0
827a9ffffffffff,8.56066,48.250916,0.0
827aaffffffffff,4.413067,46.84823,0.0
827ae7fffffffff,3.852768,42.129724,0.0
827aeffffffffff,4.939281,39.425648,0.0
827af7fffffffff,5.494014,44.241787,0.0
827b4ffffffffff,-5.511841,38.748872,0.0
827b5ffffffffff,-3.631957,41.02722,0.0
827e97fffffffff,3.079545,-179.430266,0.0
827eb7fffffffff,0.459696,-179.465832,0.0
827f87fffffffff,-4.530451,-179.941761,0.0
827f9ffffffffff,-2.097908,-179.500527,0.0
827fa7fffffffff,-6.937179,179.187679,0.0
828007fffffffff,-4.530155,-42.022416,0.0
82800ffffffffff,-2.127966,-44.022115,0.0
828017fffffffff,-3.992724,-38.937121,10848.0
828027fffffffff,-7.460234,-43.110093,0.0
82802ffffffffff,-5.054488,-45.112242,0.0
828037fffffffff,-6.926813,-40.009397,0.0
828047fffffffff,-0.263127,-49.05009,0.0
82804ffffffffff,2.089359,-50.977458,0.0
828067fffffffff,-3.159518,-50.140772,15.0
82806ffffffffff,-0.782038,-52.06135,0.0
828077fffffffff,-2.64979,-47.093687,0.0
828107fffffffff,-12.743614,-42.183893,0.0
82810ffffffffff,-10.370333,-44.205872,0.0
828117fffffffff,-12.206358,-39.062428,0.0
82811ffffffffff,-9.8498,-41.091867,0.0
828127fffffffff,-15.591133,-43.284798,0.0
82812ffffffffff,-13.242737,-45.309036,0.0
828137fffffffff,-15.074061,-40.147883,8253.0
828147fffffffff,-8.453567,-49.288093,0.0
82814ffffffffff,-6.046347,-51.234359,0.0
828157fffffffff,-7.970525,-46.208994,0.0
82815ffffffffff,-5.561212,-48.188702,0.0
828167fffffffff,-11.30938,-50.39107,0.0
82816ffffffffff,-8.90604,-52.330064,0.0
828177fffffffff,-10.858025,-47.31162,0.0
828187fffffffff,-8.728597,-34.912047,0.0
82818ffffffffff,-6.375018,-36.924978,0.0
8281affffffffff,-9.30084,-37.987933,0.0
828237fffffffff,-5.95443,12.167509,0.0
828287fffffffff,1.537091,14.105329,0.0
82828ffffffffff,2.559951,11.596445,955.0
828297fffffffff,3.290566,16.444759,0.0
82829ffffffffff,4.290499,13.889199,0.0
8282b7fffffffff,0.476069,16.697772,0.0
8282d7fffffffff,3.540488,9.176281,0.0
8282dffffffffff,4.475785,6.848383,101419.0
8282f7fffffffff,0.838305,9.326975,0.0
828387fffffffff,-5.369812,17.224041,0.0
82838ffffffffff,-4.197904,14.554866,434.0
828397fffffffff,-3.559383,19.665447,0.0
82839ffffffffff,-2.41482,16.957447,0.0
8283a7fffffffff,-8.374698,17.497822,0.0
8283affffffffff,-7.155494,14.788725,0.0
8283b7fffffffff,-6.559501,19.971917,0.0
828a07fffffffff,-7.716675,-62.805939,0.0
828a0ffffffffff,-5.366056,-64.511599,0.0
828a17fffffffff,-7.34308,-60.030504,0.0
828a1ffffffffff,-5.006598,-61.773822,0.0
828a27fffffffff,-10.424247,-63.851376,0.0
828a2ffffffffff,-8.072354,-65.586164,0.0
828a37fffffffff,-10.060463,-61.08123,0.0
828a47fffffffff,-3.24594,-69.075321,0.0
828a4ffffffffff,-0.80061,-70.823265,0.0
828a57fffffffff,-2.979488,-66.22653,0.0
828a5ffffffffff,-0.571097,-67.947715,55.0
828a67fffffffff,-5.978831,-70.234179,0.0
828a6ffffffffff,-3.511451,-72.004905,0.0
828a77fffffffff,-5.674889,-67.328542,0.0
828a87fffffffff,-4.127273,-56.096246,0.0
828a8ffffffffff,-1.783327,-57.917759,0.0
828a97fffffffff,-3.653156,-53.146726,0.0
828a9ffffffffff,-1.289995,-55.021929,0.0
828aa7fffffffff,-6.939406,-57.169183,0.0
828aaffffffffff,-4.579105,-58.975781,0.0
828ab7fffffffff,-6.506588,-54.232811,0.0
828ac7fffffffff,0.008323,-62.450426,0.0
828acffffffffff,2.211814,-64.115915,0.0
828ad7fffffffff,0.511486,-59.695196,0.0
828adffffffffff,2.74521,-61.426844,0.0
828ae7fffffffff,-2.714407,-63.46869,488.0
828aeffffffffff,-0.346864,-65.155854,0.0
828af7fffffffff,-2.258947,-60.736691,0.0
828b0ffffffffff,-13.1642,-64.929405,0.0
828b17fffffffff,-15.073207,-60.372288,0.0
828b1ffffffffff,-12.717899,-62.127281,0.0
828b47fffffffff,-11.199876,-69.628688,2493.0
828b4ffffffffff,-8.755456,-71.424619,0.0
828b57fffffffff,-10.819682,-66.693059,0.0
828b5ffffffffff,-8.419952,-68.462436,0.0
828b67fffffffff,-13.998552,-70.827695,0.0
828b6ffffffffff,-11.559921,-72.64688,0.0
828b77fffffffff,-13.59299,-67.8329,0.0
828b87fffffffff,-12.094286,-56.403984,0.0
828b8ffffffffff,-9.710528,-58.239993,0.0
828b97fffffffff,-11.721932,-53.427088,0.0
828b9ffffffffff,-9.325524,-55.318823,0.0
828ba7fffffffff,-14.798787,-57.487518,0.0
828baffffffffff,-12.426083,-59.307937,0.0
828bb7fffffffff,-14.478784,-54.524631,0.0
828c97fffffffff,0.80061,109.176735,0.0
828e67fffffffff,-11.895001,-75.733786,67022.0
828e6ffffffffff,-14.375209,-73.901097,0.0
828f0ffffffffff,-4.27701,-81.144196,0.0
828f2ffffffffff,-1.503563,-79.829214,0.0
828f47fffffffff,-6.559043,-76.263905,0.0
828f4ffffffffff,-9.074779,-74.460143,0.0
828f57fffffffff,-6.828795,-79.358751,0.0
828f5ffffffffff,-9.373941,-77.554173,0.0
828f67fffffffff,-3.773524,-75.002861,0.0
828f6ffffffffff,-6.274649,-73.217171,0.0
828f77fffffffff,-4.029569,-78.0547,0.0
82941ffffffffff,-14.163636,125.554036,0.0
829427fffffffff,-8.803473,123.448762,0.0
82942ffffffffff,-9.396793,126.333011,239.0
82944ffffffffff,-11.068467,135.268337,0.0
829457fffffffff,-12.690887,130.34394,0.0
82945ffffffffff,-13.24167,133.328009,0.0
829487fffffffff,-17.992625,121.983074,0.0
82948ffffffffff,-18.646742,124.79071,0.0
829497fffffffff,-19.763504,120.259099,0.0
82949ffffffffff,-20.444444,123.012028,0.0
8294affffffffff,-16.125289,123.748701,0.0
8294c7fffffffff,-17.348067,129.520287,0.0
8294cffffffffff,-17.904777,132.473668,0.0
8294d7fffffffff,-19.267352,127.660156,0.0
8294dffffffffff,-19.848215,130.578671,0.0
8294e7fffffffff,-14.766013,128.4594,0.0
8294effffffffff,-15.337549,131.410725,0.0
8294f7fffffffff,-16.752948,126.607346,0.0
829607fffffffff,-13.233127,29.020059,0.0
82960ffffffffff,-12.042881,26.060629,0.0
829617fffffffff,-11.301509,31.531956,0.0
82961ffffffffff,-10.139299,28.582612,0.0
829627fffffffff,-16.326193,29.468768,1896.0
82962ffffffffff,-15.13982,26.468276,0.0
829637fffffffff,-14.388987,32.008116,0.0
829647fffffffff,-12.672051,20.609836,0.0
829657fffffffff,-10.829025,23.144899,0.0
82965ffffffffff,-9.602654,20.286608,0.0
829667fffffffff,-15.749995,20.941931,0.0
829677fffffffff,-13.917966,23.510482,0.0
82968ffffffffff,-5.169906,30.613854,0.0
8296a7fffffffff,-9.360604,33.995495,0.0
8296affffffffff,-8.222423,31.06732,0.0
8296c7fffffffff,-5.892933,25.276388,0.0
8296cffffffffff,-4.721755,22.442043,0.0
8296d7fffffffff,-4.022622,27.740038,0.0
8296dffffffffff,-2.875321,24.899084,0.0
8296e7fffffffff,-8.954528,25.663453,0.0
8296effffffffff,-7.757755,22.788867,0.0
8296f7fffffffff,-7.063186,28.156057,0.0
829707fffffffff,-20.51544,32.996481,0.0
82970ffffffffff,-19.400014,29.929123,0.0
829717fffffffff,-18.550754,35.533791,0.0
82971ffffffffff,-17.466357,32.496165,7563.0
829727fffffffff,-23.519004,33.509454,0.0
82972ffffffffff,-22.436756,30.401519,0.0
829737fffffffff,-21.564247,36.071457,0.0
829747fffffffff,-20.075938,24.27175,0.0
82974ffffffffff,-18.818477,21.283242,0.0
829757fffffffff,-18.226847,26.88677,0.0
82975ffffffffff,-17.006348,23.885974,0.0
829767fffffffff,-23.109137,24.668202,0.0
82976ffffffffff,-21.859795,21.63413,0.0
829777fffffffff,-21.285789,27.316506,0.0
829787fffffffff,-13.5185,37.459447,0.0
82978ffffffffff,-12.431009,34.496164,1318.0
829797fffffffff,-11.536439,39.841722,0.0
82979ffffffffff,-10.46817,36.925381,0.0
8297a7fffffffff,-16.558808,38.005756,0.0
8297affffffffff,-15.500472,35.008813,0.0
8297b7fffffffff,-14.555908,40.406043,0.0
829a47fffffffff,-11.176735,179.93893,0.0
829a5ffffffffff,-8.632283,-179.164032,0.0
829a67fffffffff,-13.766452,179.008584,0.0
829b47fffffffff,-18.385478,179.803041,5951.0
829b4ffffffffff,-16.389736,178.043559,0.0
829b5ffffffffff,-15.689931,-179.236168,0.0
829b67fffffffff,-21.096308,178.804129,0.0
829c07fffffffff,-15.071561,145.311588,0.0
829c0ffffffffff,-14.676821,142.341374,0.0
829c1ffffffffff,-12.475256,144.297709,0.0
829c27fffffffff,-17.66325,146.35051,0.0
829c2ffffffffff,-17.257285,143.330728,0.0
829c47fffffffff,-16.366948,137.390854,0.0
829c4ffffffffff,-15.872771,134.393155,0.0
829c5ffffffffff,-13.758989,136.333226,0.0
829c67fffffffff,-18.95016,138.313295,0.0
829c6ffffffffff,-18.417917,135.452398,0.0
829c77fffffffff,-16.816296,140.387491,0.0
829ce7fffffffff,-12.042324,141.305009,0.0
829cf7fffffffff,-9.790049,143.271731,0.0
829d0ffffffffff,-20.333911,147.455377,0.0
829d27fffffffff,-23.433073,151.92988,0.0
829d2ffffffffff,-23.071988,148.631769,0.0
829d47fffffffff,-22.168053,142.222794,0.0
829d4ffffffffff,-21.639677,139.146642,0.0
829d57fffffffff,-19.915298,144.327298,0.0
829d5ffffffffff,-19.45172,141.275314,0.0
829d67fffffffff,-24.95401,143.235578,0.0
829d6ffffffffff,-24.405079,140.038017,0.0
829d77fffffffff,-22.648072,145.389844,0.0
829edffffffffff,-9.391836,159.343142,62.0
82a207fffffffff,-20.143053,49.642952,0.0
82a217fffffffff,-22.198898,47.452905,0.0
82a227fffffffff,-17.310335,48.998666,167.0
82a237fffffffff,-19.351597,46.815031,241568.0
82a2a7fffffffff,-24.251241,45.167873,0.0
82a2affffffffff,-24.984298,48.103034,0.0
82a30ffffffffff,-14.438016,48.365785,0.0
82a31ffffffffff,-16.455867,46.189222,0.0
82a357fffffffff,-15.289235,51.089966,0.0
82a377fffffffff,-12.449022,50.452822,0.0
82a38ffffffffff,-21.398658,44.539572,0.0
82a3affffffffff,-18.488904,43.923935,0.0
82a597fffffffff,-17.346652,-38.10288,0.0
82a607fffffffff,-23.717925,112.867674,0.0
82a617fffffffff,-22.256852,114.393605,0.0
82a637fffffffff,-24.599041,114.868177,0.0
82a6a7fffffffff,-20.703563,115.965951,0.0
82a707fffffffff,-29.24645,114.610951,0.0
82a717fffffffff,-28.042734,117.071451,0.0
82a71ffffffffff,-27.070309,114.861397,0.0
82a737fffffffff,-30.642528,117.143168,0.0
82a787fffffffff,-23.853844,119.143852,0.0
82a78ffffffffff,-23.015415,116.941938,0.0
82a797fffffffff,-22.144886,121.273441,0.0
82a79ffffffffff,-21.437456,118.578327,0.0
82a7a7fffffffff,-26.408513,119.284477,0.0
82a7affffffffff,-25.497698,117.004529,0.0
82a7b7fffffffff,-24.700237,121.486673,0.0
82a807fffffffff,-24.053793,-49.780097,0.0
82a80ffffffffff,-21.805408,-51.765047,0.0
82a817fffffffff,-23.709493,-46.633485,700165.0
82a81ffffffffff,-21.478018,-48.65518,0.0
82a827fffffffff,-26.52959,-50.908386,0.0
82a82ffffffffff,-24.329007,-52.885017,0.0
82a837fffffffff,-26.23595,-47.762436,0.0
82a847fffffffff,-19.763855,-56.718049,0.0
82a84ffffffffff,-17.426854,-58.568654,0.0
82a857fffffffff,-19.50378,-53.713434,0.0
82a85ffffffffff,-17.163192,-55.621885,0.0
82a867fffffffff,-22.271718,-57.812321,0.0
82a86ffffffffff,-19.968438,-59.646635,0.0
82a877fffffffff,-22.069337,-54.822621,0.0
82a887fffffffff,-20.632522,-42.349147,0.0
82a88ffffffffff,-18.37673,-44.39387,0.0
82a897fffffffff,-20.118236,-39.190695,0.0
82a89ffffffffff,-17.88765,-41.243678,0.0
82a8a7fffffffff,-23.296115,-43.463587,0.0
82a8affffffffff,-21.08669,-45.510359,0.0
82a8c7fffffffff,-16.480508,-49.531372,0.0
82a8cffffffffff,-14.112393,-51.496832,0.0
82a8d7fffffffff,-16.06097,-46.418832,3218.0
82a8dffffffffff,-13.69989,-48.419345,0.0
82a8e7fffffffff,-19.186182,-50.646884,0.0
82a8effffffffff,-16.848037,-52.604561,0.0
82a8f7fffffffff,-18.810285,-47.534482,0.0
82a907fffffffff,-30.974594,-50.034443,0.0
82a90ffffffffff,-28.899679,-52.039183,0.0
82a91ffffffffff,-28.659199,-48.896376,0.0
82a92ffffffffff,-31.160468,-53.171614,0.0
82a947fffffffff,-26.90024,-57.038616,0.0
82a94ffffffffff,-24.679969,-58.903913,3496.0
82a957fffffffff,-26.750127,-54.005942,0.0
82a95ffffffffff,-24.536731,-55.931291,0.0
82a967fffffffff,-29.156242,-58.143773,0.0
82a96ffffffffff,-26.983941,-59.992045,0.0
82a977fffffffff,-29.064131,-55.126963,0.0
82ad17fffffffff,-30.916595,16.912599,0.0
82ad37fffffffff,-33.66665,17.214336,0.0
82ad87fffffffff,-26.519017,19.308233,0.0
82ad97fffffffff,-24.857156,21.994978,0.0
82ad9ffffffffff,-23.566573,18.984894,0.0
82ada7fffffffff,-29.40662,19.641057,0.0
82adaffffffffff,-28.086236,16.619717,0.0
82adb7fffffffff,-27.795189,22.366186,0.0
82b207fffffffff,-26.807103,-70.832514,0.0
82b20ffffffffff,-28.891368,-68.931089,0.0
82b21ffffffffff,-29.416484,-72.119502,0.0
82b227fffffffff,-24.138499,-69.581549,0.0
82b22ffffffffff,-26.273354,-67.708164,0.0
82b247fffffffff,-30.22832,-63.978097,0.0
82b24ffffffffff,-32.042886,-62.129193,0.0
82b257fffffffff,-30.867854,-67.031359,0.0
82b25ffffffffff,-32.733853,-65.137485,0.0
82b267fffffffff,-27.665492,-62.856157,0.0
82b26ffffffffff,-29.537828,-61.042394,0.0
82b277fffffffff,-28.304555,-65.839033,0.0
82b2c7fffffffff,-33.92714,-71.488524,67460.0
82b2cffffffffff,-35.787022,-69.530145,0.0
82b2dffffffffff,-36.324331,-72.823776,0.0
82b2e7fffffffff,-31.446345,-70.191064,0.0
82b2effffffffff,-33.365336,-68.261516,0.0
82b307fffffffff,-19.152736,-70.213541,0.0
82b30ffffffffff,-21.424539,-68.366257,0.0
82b327fffffffff,-16.376207,-69.006237,0.0
82b32ffffffffff,-18.680267,-67.186183,0.0
82b337fffffffff,-16.79905,-72.059762,0.0
82b347fffffffff,-23.027829,-63.564867,0.0
82b34ffffffffff,-25.057034,-61.770699,0.0
82b357fffffffff,-23.604992,-66.521745,0.0
82b35ffffffffff,-25.686943,-64.683805,0.0
82b367fffffffff,-20.341027,-62.481348,0.0
82b36ffffffffff,-22.415677,-60.720715,0.0
82b377fffffffff,-20.90023,-65.371193,0.0
82b807fffffffff,-30.01574,129.958472,0.0
82b80ffffffffff,-29.138831,127.049237,0.0
82b817fffffffff,-28.008127,132.348058,0.0
82b81ffffffffff,-27.21183,129.40602,0.0
82b82ffffffffff,-31.94353,127.516938,0.0
82b837fffffffff,-30.856302,133.028064,0.0
82b847fffffffff,-30.009629,121.960139,0.0
82b84ffffffffff,-29.025207,119.43514,0.0
82b857fffffffff,-28.238082,124.301941,0.0
82b85ffffffffff,-27.324722,121.71502,0.0
82b867fffffffff,-32.744761,122.223939,0.0
82b86ffffffffff,-31.694882,119.596954,0.0
82b877fffffffff,-30.986222,124.652692,0.0
82b887fffffffff,-23.164836,133.974068,0.0
82b88ffffffffff,-22.492935,131.127874,0.0
82b897fffffffff,-21.071276,136.174433,0.0
82b89ffffffffff,-20.471354,133.316124,0.0
82b8a7fffffffff,-25.933321,134.679308,0.0
82b8affffffffff,-25.21629,131.716265,0.0
82b8b7fffffffff,-23.805446,136.946912,0.0
82b8c7fffffffff,-23.702548,126.210676,0.0
82b8cffffffffff,-22.925063,123.671679,0.0
82b8d7fffffffff,-21.799004,128.413536,0.0
82b8dffffffffff,-21.091587,125.833432,0.0
82b8e7fffffffff,-26.388109,126.614954,0.0
82b8effffffffff,-25.54773,123.975762,0.0
82b8f7fffffffff,-24.469333,128.89233,0.0
82b917fffffffff,-34.563345,137.13296,16.0
82b91ffffffffff,-33.746859,133.761806,0.0
82b95ffffffffff,-33.780713,125.030871,0.0
82b987fffffffff,-29.470847,138.664539,0.0
82b98ffffffffff,-28.765253,135.436895,0.0
82b997fffffffff,-27.234146,140.993219,0.0
82b99ffffffffff,-26.609636,137.775,0.0
82b9a7fffffffff,-32.37406,139.622152,0.0
82b9affffffffff,-31.647051,136.252586,0.0
82b9b7fffffffff,-30.112443,142.018764,0.0
82ba07fffffffff,-33.711012,179.465483,0.0
82ba1ffffffffff,-30.972103,-179.414603,0.0
82bac7fffffffff,-25.979482,179.646861,0.0
82badffffffffff,-23.213015,-179.318859,0.0
82bb0ffffffffff,-39.190455,176.973805,0.0
82bb2ffffffffff,-41.94806,175.558454,0.0
82bb57fffffffff,-36.841143,174.792055,117717.0
82bb77fffffffff,-39.595073,173.313864,0.0
82bc0ffffffffff,-32.920805,29.156281,0.0
82bc47fffffffff,-33.441225,23.141383,0.0
82bc4ffffffffff,-32.217087,19.983768,0.0
82bc57fffffffff,-31.835243,25.925808,0.0
82bc5ffffffffff,-30.660356,22.748174,0.0
82bc6ffffffffff,-34.940243,20.336786,0.0
82bc77fffffffff,-34.577425,26.369254,0.0
82bc8ffffffffff,-26.4613,34.035483,71545.0
82bcc7fffffffff,-27.251987,28.211349,5149.0
82bccffffffffff,-26.089551,25.07574,2715.0
82bcd7fffffffff,-25.419819,30.886371,131.0
82bcdffffffffff,-24.299417,27.75789,0.0
82bce7fffffffff,-30.129665,28.677325,25.0
82bceffffffffff,-29.002476,25.494793,0.0
82bcf7fffffffff,-28.334325,31.384104,0.0
82be0ffffffffff,-34.040605,150.428577,231304.0
82be1ffffffffff,-31.540467,152.653594,13.0
82be47fffffffff,-35.949589,144.311135,48.0
82be4ffffffffff,-35.302548,140.655362,0.0
82be57fffffffff,-33.582787,146.7323,0.0
82be5ffffffffff,-33.023578,143.121985,0.0
82be67fffffffff,-38.871442,145.595505,118015.0
82be6ffffffffff,-38.238309,141.772731,8.0
82be77fffffffff,-36.491042,148.076729,285.0
82be8ffffffffff,-26.208828,153.298557,36183.0
82bec7fffffffff,-28.284942,147.737346,0.0
82becffffffffff,-27.795955,144.319956,0.0
82bed7fffffffff,-25.863524,149.885769,0.0
82bedffffffffff,-25.442944,146.524335,0.0
82bee7fffffffff,-31.157049,149.036114,52.0
82beeffffffffff,-30.678091,145.482931,0.0
82bef7fffffffff,-28.692357,151.22399,83.0
82bf4ffffffffff,-41.769598,146.98555,3817.0
82c21ffffffffff,-37.278158,-56.569872,0.0
82c22ffffffffff,-37.668908,-59.531136,0.0
82c2c7fffffffff,-33.362101,-57.36587,0.0
82c2cffffffffff,-31.303002,-59.245948,0.0
82c2d7fffffffff,-33.310274,-54.304797,0.0
82c2dffffffffff,-31.268403,-56.247224,0.0
82c2e7fffffffff,-35.345887,-58.482054,465038.0
82c2effffffffff,-33.74825,-60.296013,0.0
82c2f7fffffffff,-35.349059,-55.437845,161.0
82c30ffffffffff,-40.930949,-62.579504,0.0
82c327fffffffff,-44.444272,-65.551109,0.0
82c32ffffffffff,-41.829665,-65.318863,0.0
82c347fffffffff,-36.865629,-64.416529,0.0
82c34ffffffffff,-34.488572,-63.253548,0.0
82c357fffffffff,-38.448591,-62.509638,0.0
82c35ffffffffff,-36.132857,-61.383506,0.0
82c367fffffffff,-37.533102,-67.572167,0.0
82c36ffffffffff,-35.171739,-66.33523,0.0
82c377fffffffff,-39.276763,-65.109754,0.0
82c987fffffffff,-35.441003,116.816036,0.0
82c997fffffffff,-32.987265,116.987775,3088.0
82c9b7fffffffff,-34.407196,119.771201,0.0
82ce17fffffffff,-44.296958,-74.862284,0.0
82ce37fffffffff,-47.068512,-75.705824,0.0
82ce87fffffffff,-40.853706,-70.903327,0.0
82ce8ffffffffff,-38.913829,-73.433632,0.0
82ce97fffffffff,-40.082781,-67.904999,0.0
82ce9ffffffffff,-38.244174,-70.40836,0.0
82cea7fffffffff,-43.528881,-71.453464,0.0
82ceaffffffffff,-41.574733,-74.10944,0.0
82ceb7fffffffff,-42.700695,-68.273898,0.0
82cf17fffffffff,-51.836899,-73.543898,0.0
82cf87fffffffff,-48.104103,-69.146022,0.0
82cf8ffffffffff,-46.259372,-72.068419,0.0
82cf97fffffffff,-47.111468,-65.810548,0.0
82cf9ffffffffff,-45.377947,-68.685025,0.0
82cfa7fffffffff,-50.867341,-69.666476,0.0
82cfaffffffffff,-49.0332,-72.760195,0.0
82da87fffffffff,-45.067775,169.948532,0.0
82da8ffffffffff,-45.299233,165.751493,0.0
82da97fffffffff,-42.343703,171.704479,3948.0
82df47fffffffff,-54.932021,-66.19372,0.0
82df6ffffffffff,-53.654662,-70.258576,0.0
